9820,14,26,53,63,73,82,62,101,87,17,21,24,27,22,55,69,118
8194,11,13,13,10,15,25,20,18,20,10,23,18,19,15,51,0,0
7851,21,23,26,27,25,32,26,27,30,44,32,34,56,32,35,25,44
6615,4,6,4,7,13,6,12,15,10,5,9,11,15,21,0,39,14
8199,13,15,12,11,10,16,15,13,13,15,18,21,15,25,31,0,18
2732,6,1,7,15,20,20,23,21,16,18,30,30,23,24,54,56,17
7853,1,3,4,4,3,3,2,5,3,2,3,0,4,3,0,0,0
3075,0,0,0,0,0,37,38,31,36,16,25,22,24,32,84,21,50
7513,62,62,48,90,80,61,62,78,61,56,110,105,102,115,90,110,143
4843,0,0,0,0,0,0,1,0,1,0,0,0,1,0,0,0,0
6207,9,13,33,19,13,9,7,6,19,8,10,9,10,13,76,62,18
7938,0,0,0,0,0,1,6,2,8,6,3,4,6,4,44,12,0
9617,0,0,0,0,0,0,1,1,2,0,1,1,2,0,0,0,0
3080,0,0,0,0,0,12,20,12,9,15,12,21,17,16,0,0,28
2100,9,10,7,17,16,16,19,8,14,8,7,10,7,6,0,0,0
2101,0,0,0,0,0,21,41,27,41,16,31,38,27,20,53,20,9
2102,12,11,10,16,14,5,10,17,13,8,19,17,11,7,0,32,9
2104,26,18,17,31,48,29,13,21,25,22,15,26,31,25,29,0,23
2109,8,8,9,9,14,11,15,10,12,6,2,9,5,3,31,32,39
6206,0,0,0,0,0,0,1,1,0,4,0,3,3,6,0,0,0
2111,28,31,23,39,36,17,23,14,23,14,17,15,11,8,36,0,21
8020,38,46,32,59,35,58,63,61,38,31,37,50,37,27,32,0,32
2114,31,25,29,35,52,44,45,45,44,30,32,35,38,18,36,20,53
6211,0,0,0,0,0,0,1,2,0,1,1,0,0,1,0,0,0
7299,50,57,76,81,96,77,90,98,89,91,85,92,101,104,147,375,104
6213,3,6,5,7,12,12,13,7,17,11,5,20,17,22,16,38,18
6218,45,32,39,54,26,10,13,14,8,14,17,9,16,17,61,66,38
6219,0,0,0,0,0,6,6,11,5,10,5,14,14,8,18,0,13
2124,13,4,10,26,27,28,18,24,26,29,28,37,24,29,29,26,17
6221,0,0,0,0,0,15,17,36,10,21,13,15,17,42,20,19,0
2126,0,0,0,0,0,17,24,22,22,33,32,44,40,51,60,73,40
6223,0,0,0,0,0,1,1,4,2,3,1,3,0,2,0,0,0
6224,0,0,0,0,0,0,9,3,2,2,1,3,0,3,0,0,0
2129,5,7,3,12,17,11,8,8,11,5,8,7,10,9,0,0,0
2403,8,10,6,10,13,1,7,14,26,33,27,30,29,20,23,23,18
9623,0,0,0,0,0,11,9,6,13,9,9,12,5,12,0,0,19
5134,15,14,14,17,19,8,18,18,15,8,16,17,10,8,0,0,17
2134,32,31,50,42,60,31,60,48,58,35,24,23,23,12,108,41,0
8118,0,0,0,0,0,112,152,137,158,173,183,205,191,176,320,326,433
2139,24,37,24,36,36,27,33,21,21,18,17,21,23,9,52,70,57
2144,10,4,6,9,8,9,8,4,9,5,6,9,12,14,17,15,0
6959,1,3,0,0,1,1,1,0,0,1,1,2,2,1,0,0,0
4845,47,16,49,35,59,28,39,18,53,15,25,17,28,12,0,0,64
2149,20,17,33,28,46,24,26,49,28,28,33,19,14,20,0,21,39
4515,0,0,0,0,0,3,10,3,7,5,5,3,7,1,0,0,0
2151,8,3,6,6,12,3,11,12,9,17,15,18,15,21,17,15,0
2152,12,11,16,14,20,13,10,10,8,24,15,13,10,16,0,15,0
2748,8,12,12,10,18,15,7,15,6,5,6,7,5,5,0,0,33
2154,19,17,33,27,16,24,12,10,19,8,4,10,10,5,0,0,0
4203,30,16,12,21,30,4,11,8,17,6,8,10,15,3,0,0,32
2159,16,14,23,19,26,13,21,37,31,17,16,20,13,12,31,0,29
2162,29,23,20,19,31,13,22,8,27,14,11,11,14,6,17,0,0
4211,15,8,14,3,15,3,15,6,10,1,7,1,8,4,0,0,0
2164,74,74,62,67,84,39,63,75,83,52,53,66,56,35,72,45,77
6261,0,0,0,0,0,2,1,0,0,4,1,1,2,1,0,0,0
4215,107,75,103,67,164,34,104,39,107,29,79,46,98,64,56,35,189
2169,25,24,16,27,14,16,18,22,33,8,10,12,18,8,42,39,27
4219,85,36,91,36,88,18,52,33,70,14,34,28,39,36,63,17,63
4220,0,0,0,0,0,9,11,24,18,16,13,23,18,19,19,0,22
6270,1,0,0,1,1,0,2,5,2,1,3,2,4,7,15,44,0
4223,31,11,19,6,22,5,17,12,25,5,16,5,18,6,0,0,0
2752,40,35,47,42,45,40,38,43,45,28,44,41,41,39,22,42,28
4227,19,11,19,7,20,5,21,7,25,8,7,7,14,9,0,26,0
4231,24,15,34,14,18,6,15,12,19,1,17,23,35,23,23,0,0
6280,5,6,10,10,44,47,41,53,43,55,56,37,54,23,89,50,32
6281,0,0,0,0,0,42,47,39,52,41,48,52,46,64,34,28,39
4235,40,15,75,18,46,7,37,12,50,16,61,32,68,42,5,62,137
4802,37,16,9,21,32,14,21,19,30,6,9,2,9,11,0,0,0
4239,25,21,18,5,24,3,6,6,14,7,6,8,12,15,0,0,11
2194,7,5,14,13,24,12,25,21,20,6,14,14,12,8,32,0,10
4243,39,20,14,10,20,8,12,15,23,5,6,11,12,9,0,0,22
6293,0,0,0,1,1,2,1,1,5,4,2,2,1,3,0,0,0
2199,8,1,10,9,8,2,6,7,12,8,5,6,4,6,54,0,0
6296,0,0,0,0,0,5,3,5,11,8,14,25,17,28,37,57,11
2756,21,14,20,35,37,35,43,46,53,48,56,31,52,71,82,68,120
4251,1,3,13,6,9,8,15,18,8,3,28,16,18,19,0,0,6
6300,1,4,4,9,9,6,15,19,21,24,27,26,40,54,0,0,0
4506,2,1,3,0,1,0,2,0,1,0,0,0,1,1,0,0,0
4255,121,48,113,54,99,48,121,76,174,52,100,52,138,62,75,0,62
6304,5,4,1,8,8,4,9,19,10,8,9,9,17,27,74,35,151
7536,18,26,15,30,29,16,30,27,37,54,34,73,49,41,28,46,10
4516,18,4,23,2,13,2,6,6,14,3,13,6,8,4,23,18,27
3099,20,18,24,18,21,7,7,2,6,6,10,6,8,7,30,19,0
4260,0,0,0,0,0,13,32,20,54,6,30,20,48,12,0,32,0
4806,77,70,117,64,117,57,99,81,201,24,58,35,44,40,0,3,85
4262,0,0,0,0,0,32,51,26,80,33,48,47,94,31,79,27,110
4263,28,19,27,13,19,10,15,7,40,8,18,25,26,11,48,0,35
4264,0,0,0,0,0,14,18,7,21,13,9,12,11,15,0,0,0
6314,0,1,0,1,3,0,3,5,1,2,4,7,4,1,0,7,0
5734,3,3,3,1,6,9,5,14,7,10,15,7,14,18,0,0,0
4271,8,7,9,12,15,8,7,7,8,4,7,8,11,6,0,0,0
2760,25,32,30,30,37,21,36,51,42,26,25,23,20,32,31,30,19
4275,28,57,37,24,27,23,49,13,43,13,30,31,66,25,165,63,60
6324,3,2,4,3,6,2,11,13,7,3,11,9,17,16,44,15,16
4277,0,0,0,0,0,3,12,9,16,1,10,12,17,6,0,0,0
4279,24,9,41,6,27,9,11,9,12,5,16,7,12,9,34,0,0
6329,3,2,5,3,8,2,12,4,3,3,3,6,7,10,22,4,62
4283,26,14,22,23,49,7,31,16,33,9,24,12,22,11,0,0,0
6334,11,6,13,12,15,11,18,26,31,15,21,31,29,33,0,114,103
6339,0,4,7,7,13,12,20,19,22,11,7,8,7,14,0,8,10
4294,22,26,40,24,60,18,29,24,35,17,24,20,40,25,51,0,35
6344,3,5,10,12,12,13,18,13,22,8,12,16,19,15,119,183,152
2764,40,55,46,50,59,65,64,62,60,40,41,51,44,45,31,45,0
4299,7,6,25,29,17,10,16,12,16,8,15,14,5,13,152,1,74
4300,0,0,0,0,0,0,0,0,0,0,0,51,64,86,0,0,0
4301,0,0,0,0,0,0,0,0,0,0,0,23,39,25,0,0,24
4302,0,0,0,0,0,0,0,0,0,0,0,133,151,169,117,57,38
4303,0,0,0,0,0,0,0,0,0,0,0,35,37,44,0,128,170
4304,0,0,0,0,0,0,0,0,0,0,0,39,84,40,69,27,0
4305,0,0,0,0,0,0,0,0,0,0,0,5,12,7,19,42,96
4306,0,0,0,0,0,0,0,0,0,0,0,18,11,20,79,175,76
4307,0,0,0,0,0,0,0,0,0,0,0,19,21,29,0,0,4
4308,0,0,0,0,0,0,0,0,0,0,0,4,7,3,0,4,0
4311,0,0,0,0,0,0,0,0,0,0,0,5,3,9,0,0,0
4312,0,0,0,0,0,0,0,0,0,0,0,4,3,3,0,0,0
4313,0,0,0,0,0,0,0,0,0,0,0,105,110,126,276,350,460
4314,0,0,0,0,0,0,0,0,0,0,0,48,60,59,15,116,14
4315,0,0,0,0,0,0,0,0,0,0,0,131,128,115,74,312,34
4316,0,0,0,0,0,0,0,0,0,0,0,24,25,36,25,97,48
4317,0,0,0,0,0,0,0,0,0,0,0,22,20,30,60,0,18
4318,0,0,0,0,0,0,0,0,0,0,0,35,51,53,8,20,37
4319,0,0,0,0,0,0,0,0,0,0,0,20,22,25,22,80,8
8416,0,0,0,0,0,41,57,51,88,51,53,66,44,47,49,108,33
2768,16,22,24,26,28,29,18,25,17,21,24,23,22,36,31,41,8
4322,0,0,0,0,0,0,0,0,0,0,0,15,25,14,8,21,24
4323,0,0,0,0,0,0,0,0,0,0,0,12,21,19,29,12,54
4324,0,0,0,0,0,0,0,0,0,0,0,14,9,14,40,0,0
4325,0,0,0,0,0,0,0,0,0,0,0,10,4,10,0,0,21
4326,0,0,0,0,0,0,0,0,0,0,0,9,18,3,0,46,61
4327,0,0,0,0,0,0,0,0,0,0,0,9,11,13,50,43,114
4328,0,0,0,0,0,0,0,0,0,0,0,44,65,54,17,67,168
4329,0,0,0,0,0,0,0,0,0,0,0,12,16,17,12,3,94
4330,0,0,0,0,0,0,0,0,0,0,0,20,36,37,40,65,67
4331,0,0,0,0,0,0,0,0,0,0,0,2,2,4,35,35,0
4332,0,0,0,0,0,0,0,0,0,0,0,2,6,4,116,78,166
4333,0,0,0,0,0,0,0,0,0,0,0,44,58,56,51,194,165
4334,0,0,0,0,0,0,0,0,0,0,0,10,14,15,11,39,28
4335,0,0,0,0,0,0,0,0,0,0,0,5,12,14,59,0,55
4336,0,0,0,0,0,0,0,0,0,0,0,16,7,9,89,43,0
4337,0,0,0,0,0,0,0,0,0,0,0,76,72,72,164,83,158
4338,0,0,0,0,0,0,0,0,0,0,0,2,7,5,0,7,12
4339,0,0,0,0,0,0,0,0,0,0,0,24,31,35,98,155,59
4341,0,0,0,0,0,0,0,0,0,0,0,67,55,74,83,175,247
4342,0,0,0,0,0,0,0,0,0,0,0,6,12,7,88,0,12
4343,0,0,0,0,0,0,0,0,0,0,0,22,38,19,41,169,7
4344,0,0,0,0,0,0,0,0,0,0,0,7,5,9,0,0,13
2772,48,52,40,51,57,51,44,56,66,71,82,84,80,88,56,131,37
4346,0,0,0,0,0,0,0,0,0,0,0,12,13,8,0,30,0
4347,0,0,0,0,0,0,0,0,0,0,0,2,0,6,17,13,0
4348,0,0,0,0,0,0,0,0,0,0,0,1,0,1,0,0,0
8445,0,0,0,0,0,38,41,28,23,47,42,34,52,47,60,19,30
4351,0,0,0,0,0,0,0,0,0,0,0,3,4,7,0,0,0
4352,0,0,0,0,0,0,0,0,0,0,0,13,15,14,38,47,24
4353,0,0,0,0,0,0,0,0,0,0,0,2,2,3,54,0,0
4354,0,0,0,0,0,0,0,0,0,0,0,2,3,4,0,0,0
4355,0,0,0,0,0,0,0,0,0,0,0,9,5,6,100,4,0
2774,0,0,0,0,0,54,77,65,81,68,61,82,125,130,164,177,83
8410,0,0,0,0,0,28,40,45,52,37,44,21,45,36,40,30,0
5737,18,10,12,19,29,29,25,37,32,23,21,25,29,21,75,40,26
8124,76,65,83,106,129,97,96,113,115,65,68,53,51,62,145,90,109
2776,11,11,21,12,16,14,14,10,20,21,18,8,15,8,47,16,26
9399,4,4,3,9,4,3,1,4,6,0,1,2,1,1,0,9,0
2778,30,43,31,38,41,43,49,39,43,38,37,29,42,39,218,162,66
4485,0,0,0,0,0,17,16,17,21,24,14,14,14,11,10,0,0
7852,0,0,0,0,0,12,8,10,12,3,7,10,5,4,0,0,0
8485,0,0,0,0,0,43,71,60,65,96,104,59,59,71,20,51,25
8486,0,0,0,0,0,51,49,48,32,34,45,48,44,34,83,21,95
8488,0,0,0,0,0,83,89,76,91,116,136,103,65,95,75,252,118
2780,7,11,7,9,11,22,15,10,13,13,20,18,19,14,36,15,0
300,200,193,202,270,265,288,281,307,346,187,205,194,231,268,0,0,0
8494,46,81,50,72,57,67,61,61,60,61,56,47,59,71,144,55,25
4400,0,0,0,0,0,12,13,16,16,16,26,28,32,30,0,0,0
305,260,272,380,369,376,456,500,542,596,627,667,711,803,817,738,922,684
8499,82,76,78,79,55,30,29,28,32,33,32,35,36,32,60,138,99
4830,2,1,1,2,8,0,3,0,1,0,3,1,1,0,0,0,0
310,32,46,59,64,63,66,44,42,38,47,52,51,59,43,44,16,0
9609,10,24,8,16,14,4,7,7,4,3,0,4,1,1,0,0,0
312,28,24,29,46,30,38,58,37,72,35,50,58,56,60,93,29,97
4410,0,0,0,0,0,4,4,12,7,9,10,9,10,6,0,20,24
315,241,170,213,292,294,159,161,182,232,219,223,229,258,250,664,523,253
317,86,53,86,74,81,77,82,81,99,100,67,86,88,110,71,120,128
319,0,0,0,0,0,24,37,34,29,32,31,39,42,50,148,86,101
320,86,75,91,135,127,136,175,168,168,168,177,203,206,240,303,235,20
321,0,0,0,0,0,113,128,108,120,126,113,127,147,172,327,185,155
322,117,66,128,177,134,126,133,137,134,144,151,161,159,192,352,466,298
4420,0,0,0,0,0,6,10,9,7,6,10,10,10,7,13,1,1
325,36,19,29,36,45,27,34,49,43,38,45,40,60,61,59,71,31
328,0,0,0,0,0,7,7,12,12,11,15,7,16,12,0,0,0
4425,0,0,0,0,0,7,9,11,2,10,14,7,2,5,0,0,0
330,71,57,85,110,114,37,50,50,62,46,51,36,56,35,0,0,26
4834,6,1,2,2,5,0,1,5,18,2,10,4,1,2,0,18,0
4430,0,0,0,0,0,29,31,46,35,45,47,34,29,39,170,45,70
335,8,4,8,13,10,19,13,19,17,15,14,11,11,13,0,15,0
6964,10,11,5,8,11,10,9,21,15,15,9,15,12,14,0,0,20
6200,7,3,6,8,12,14,12,9,16,12,15,19,8,21,0,0,0
4435,0,0,0,0,0,6,8,9,9,8,13,10,7,13,0,18,0
340,80,76,67,155,132,150,89,105,126,97,75,106,103,78,171,11,163
341,51,50,34,80,77,78,61,57,69,49,58,55,58,40,163,0,68
342,20,21,21,29,33,26,18,17,16,20,16,15,20,14,20,0,0
343,19,20,26,30,43,32,29,32,59,72,48,65,100,80,143,82,60
4440,0,0,0,0,0,26,22,37,30,21,31,31,28,27,51,27,0
345,154,145,297,229,268,266,285,396,332,326,362,381,425,459,772,738,441
2447,28,34,36,36,49,31,35,39,38,27,41,46,42,48,49,39,0
4445,0,0,0,0,0,12,15,12,12,13,21,19,21,11,13,1,0
350,18,19,24,37,36,34,31,39,40,34,27,32,27,31,25,0,0
2400,14,14,12,28,23,30,47,27,35,25,18,30,28,46,0,0,0
4450,0,0,0,0,0,4,0,1,1,1,2,1,2,1,0,0,0
355,23,42,38,38,45,48,32,34,40,36,38,32,21,38,0,39,21
2790,0,0,0,0,0,56,51,69,79,59,60,52,42,47,22,18,0
358,9,24,23,44,42,39,36,24,32,31,37,33,23,36,98,21,55
2407,70,61,60,67,62,46,46,39,65,37,46,44,53,56,71,34,9
360,53,30,54,51,51,102,129,122,94,129,109,127,143,137,148,166,173
2409,29,21,21,29,29,18,19,21,18,14,19,25,29,22,19,0,0
2411,33,34,35,43,44,34,31,34,44,29,36,24,23,24,0,0,0
4460,0,0,0,0,0,20,20,22,17,34,31,35,27,25,96,0,0
365,226,156,298,274,315,350,346,457,426,422,413,413,489,436,865,936,658
2415,16,23,25,35,40,30,37,49,74,52,73,50,58,62,92,68,20
368,107,82,201,186,193,216,223,262,230,200,190,146,198,197,574,501,210
4465,0,0,0,0,0,13,13,15,13,4,9,17,4,2,0,0,0
370,42,24,14,40,21,18,23,27,51,40,51,39,44,34,42,20,0
2419,8,6,11,17,8,9,8,6,12,6,4,10,10,7,0,0,21
4468,0,0,0,0,0,15,22,17,28,15,17,18,28,19,43,32,41
4470,0,0,0,0,0,1,0,0,3,0,1,0,2,0,0,0,0
2423,5,5,3,8,5,9,8,6,4,5,7,11,5,7,0,0,0
4500,27,11,24,12,38,10,33,13,35,10,23,18,40,22,0,0,0
2427,23,43,30,59,42,47,45,55,57,53,69,77,66,83,157,197,208
2794,32,31,31,37,27,39,60,21,31,35,25,25,47,23,32,0,34
2431,51,44,46,59,52,53,59,61,50,51,71,71,61,72,69,148,86
4480,0,0,0,0,0,11,8,11,8,4,3,8,3,0,0,12,0
2435,27,20,20,38,55,42,23,29,52,49,42,47,42,45,78,56,0
2437,20,25,22,23,27,30,30,54,44,52,41,39,49,50,124,102,51
2439,24,23,23,32,30,24,29,37,57,65,56,50,61,67,128,13,0
2441,0,0,0,0,0,25,10,16,21,17,9,13,10,15,44,56,20
394,106,117,145,194,213,179,163,201,233,259,277,260,303,296,213,368,258
2443,22,27,20,27,41,29,26,26,26,25,25,28,41,29,25,53,20
6210,5,7,3,3,5,3,13,7,3,7,3,11,10,28,8,0,0
4494,0,0,0,0,0,6,3,5,4,7,3,8,6,5,0,46,0
399,22,35,32,42,47,32,21,32,40,49,69,41,54,64,221,41,31
400,0,296,347,418,527,94,75,84,83,88,159,124,154,184,0,0,0
4504,42,54,87,26,58,26,92,30,96,42,66,29,118,48,96,37,46
402,0,0,0,0,0,50,64,91,105,103,113,218,231,259,275,226,282
2451,16,19,13,14,11,18,6,11,9,3,2,1,3,9,0,0,17
404,0,0,0,0,0,19,30,32,50,18,34,23,26,40,0,0,27
406,0,0,0,0,0,23,27,15,24,25,28,26,15,19,49,28,1
2455,25,13,32,21,22,20,13,16,20,21,19,18,26,16,0,18,6
408,0,0,0,0,0,9,18,23,17,21,29,18,21,26,39,45,0
409,0,0,0,0,0,22,26,39,33,23,29,23,13,16,54,37,56
410,0,0,0,0,0,41,53,65,58,50,70,81,95,89,148,260,203
2459,3,9,4,10,9,17,15,18,8,15,7,17,14,18,0,0,0
412,0,0,0,0,0,35,31,38,35,24,25,36,30,37,38,6,0
2461,0,0,0,0,0,3,4,6,5,7,1,2,3,2,16,0,0
414,0,0,0,0,0,227,312,364,421,333,426,434,462,458,1042,1420,1190
2463,22,23,21,17,23,19,9,16,21,15,10,8,14,14,0,0,0
416,0,0,0,0,0,13,16,37,26,18,42,39,45,39,127,124,28
4513,0,0,0,0,0,16,73,25,58,14,42,25,44,27,72,17,0
418,0,0,0,0,0,31,34,58,51,37,44,48,33,26,17,0,0
419,0,0,0,0,0,60,70,87,68,32,40,60,49,50,47,97,56
420,0,0,0,0,0,16,18,12,20,12,15,17,24,20,30,0,55
422,0,0,0,0,0,4,15,2,16,16,3,10,9,11,0,0,0
2471,19,17,11,20,23,17,11,17,30,27,17,24,21,21,35,6,0
424,0,0,0,0,0,45,52,59,76,40,64,52,57,48,149,20,70
4508,3,4,5,0,7,3,5,1,5,0,3,0,1,2,29,19,0
426,0,0,0,0,0,137,198,200,227,153,215,222,228,244,607,593,532
2475,13,16,16,23,24,23,11,18,18,16,22,17,18,27,24,40,26
428,0,0,0,0,0,277,437,475,590,504,707,762,815,956,984,1164,1083
429,0,0,0,0,0,50,80,86,99,64,107,117,133,146,103,120,103
430,0,0,0,0,0,35,33,62,49,23,35,54,41,59,41,18,59
2479,4,3,4,5,8,14,7,6,6,2,6,12,7,8,0,0,18
432,0,0,0,0,0,12,35,37,44,37,29,30,25,31,60,29,35
2481,11,7,11,15,18,11,15,14,17,16,11,15,11,7,0,22,17
434,0,0,0,0,0,29,29,55,55,50,54,57,45,66,198,27,78
2483,15,10,12,17,12,16,8,22,19,9,5,3,4,9,0,39,20
4532,74,35,35,23,66,20,47,28,68,14,34,22,39,12,65,0,38
438,0,0,0,0,0,24,44,54,48,43,49,48,63,47,85,79,0
439,0,0,0,0,0,155,201,230,275,251,339,415,422,438,738,709,724
4536,20,6,9,3,30,5,26,8,23,3,6,2,9,2,0,0,0
6900,0,2,3,3,4,7,4,4,5,1,2,3,2,4,0,0,0
442,0,0,0,0,0,14,35,23,48,22,39,27,48,58,85,185,0
444,0,0,0,0,0,15,12,8,35,14,31,23,23,22,16,0,52
2494,20,14,29,30,39,35,52,36,39,37,38,38,48,53,50,37,63
448,0,0,0,0,0,93,92,103,132,67,97,127,110,126,201,146,34
4512,69,31,45,13,54,18,39,18,61,12,36,20,52,14,58,0,48
450,0,0,0,0,0,45,44,22,33,24,45,35,54,48,0,55,59
2499,1,2,5,8,12,10,12,7,10,15,9,11,8,5,37,33,24
452,0,0,0,0,0,33,55,58,52,47,72,71,63,70,81,100,149
4854,3,1,2,3,1,1,1,3,1,0,2,0,0,0,0,0,0
454,0,0,0,0,0,113,146,163,198,162,213,190,212,167,157,178,22
456,0,0,0,0,0,56,70,44,62,47,52,58,73,68,88,84,65
4553,0,0,0,0,0,1,11,2,3,3,5,1,5,1,0,0,0
458,0,0,0,0,0,18,33,23,42,35,43,44,56,70,98,2,11
459,0,0,0,0,0,7,10,12,12,6,18,8,19,14,51,0,0
460,0,0,0,0,0,16,27,25,38,25,31,29,44,39,16,32,0
461,0,0,0,0,0,31,32,62,63,53,63,63,40,39,19,0,56
4558,81,46,70,39,92,32,93,57,107,27,69,34,61,64,204,15,262
463,0,0,0,0,0,56,42,62,59,32,38,66,47,63,23,65,110
4560,48,24,49,9,54,22,41,21,75,17,47,20,58,34,93,20,147
465,0,0,0,0,0,59,72,64,102,49,84,81,133,131,265,237,149
466,0,0,0,0,0,85,95,116,159,110,178,180,188,233,172,153,74
2467,6,11,22,21,16,13,16,14,14,10,14,20,10,5,0,0,0
468,0,0,0,0,0,35,51,50,65,53,77,41,49,63,59,24,35
469,0,0,0,0,0,78,79,103,153,101,134,224,194,185,162,80,124
470,0,0,0,0,0,57,58,72,68,77,128,147,151,139,105,174,201
471,0,0,0,0,0,31,30,44,50,22,33,27,28,30,49,9,0
4568,67,25,48,9,50,5,71,18,76,14,56,36,90,25,38,20,55
473,0,0,0,0,0,66,104,122,145,144,153,150,187,141,194,184,116
475,0,0,0,0,0,27,54,40,59,50,62,87,135,118,183,176,148
476,0,0,0,0,0,80,92,101,112,104,105,144,162,162,185,106,239
4858,0,0,0,0,0,3,6,2,16,4,6,3,8,9,30,0,0
478,0,0,0,0,0,33,63,60,83,50,51,79,70,68,99,45,135
480,0,0,0,0,0,149,219,254,250,223,262,289,339,447,487,484,428
481,0,0,0,0,0,13,14,20,15,28,36,27,27,31,0,33,15
483,0,0,0,0,0,25,29,24,28,27,42,40,47,31,35,0,23
485,0,0,0,0,0,11,10,9,21,7,17,10,24,16,0,24,54
486,0,0,0,0,0,65,54,93,117,93,122,156,153,161,322,259,279
6225,69,112,149,136,141,199,165,172,170,168,173,198,193,217,147,145,204
488,0,0,0,0,0,15,21,19,32,23,19,17,38,26,0,29,9
489,0,0,0,0,0,12,25,40,47,28,37,20,32,32,45,0,56
490,0,0,0,0,0,49,53,68,83,51,88,99,102,130,108,93,130
491,0,0,0,0,0,4,3,6,8,1,13,15,9,10,58,37,1
6222,0,0,0,0,0,5,3,8,7,8,7,5,8,8,0,0,49
493,0,0,0,0,0,17,16,16,34,42,68,65,71,80,77,113,68
495,0,0,0,0,0,12,29,37,28,19,45,40,52,30,24,128,0
496,0,0,0,0,0,40,63,61,97,79,92,131,104,101,184,93,198
497,0,0,0,0,0,25,70,65,94,60,85,132,126,144,83,31,82
498,0,0,0,0,0,11,8,10,12,8,17,19,15,16,59,48,10
499,0,0,0,0,0,11,7,4,7,7,7,6,11,12,65,0,13
500,0,0,0,0,0,17,19,28,24,16,17,17,22,33,0,0,0
4599,13,10,20,6,14,6,9,1,8,3,13,9,14,12,66,94,34
4916,0,0,0,0,0,26,42,32,44,43,30,48,41,31,0,34,40
4522,37,27,54,24,44,11,37,23,49,9,30,27,61,43,108,46,172
510,0,0,0,0,0,6,2,1,4,1,2,4,9,5,0,0,0
515,0,0,0,0,0,7,2,8,5,5,3,4,5,3,0,0,0
9622,0,0,0,0,0,0,4,4,15,10,11,8,5,3,0,0,0
6230,0,0,1,1,1,2,0,1,3,1,3,1,1,2,68,32,0
520,0,0,0,0,0,70,88,78,123,60,63,78,81,84,61,25,64
4524,13,3,7,2,13,0,18,4,9,3,2,6,18,2,0,0,0
525,0,0,0,0,0,68,104,94,129,17,9,9,10,24,0,0,0
530,0,0,0,0,0,57,84,77,119,24,23,26,30,18,30,0,9
535,0,0,0,0,0,2,5,2,14,4,5,2,4,3,0,0,0
540,0,0,0,0,0,21,34,19,39,26,32,38,42,42,0,0,0
5210,0,0,0,0,0,19,18,22,19,13,11,13,16,23,14,10,104
545,0,0,0,0,0,117,162,163,215,209,205,220,243,236,137,109,37
6235,1,4,6,6,10,12,5,9,45,35,21,53,39,36,61,32,0
4860,17,30,19,14,22,6,20,20,26,4,10,7,10,11,25,0,0
550,0,0,0,0,0,31,40,48,62,26,47,40,41,41,65,121,131
555,0,0,0,0,0,18,17,14,22,18,22,18,15,12,0,44,24
8005,37,29,22,26,42,23,48,42,35,25,19,19,25,15,0,0,0
560,0,0,0,0,0,41,53,59,56,55,68,72,73,65,48,73,37
4872,0,0,0,0,0,3,1,1,0,0,0,3,2,0,0,0,0
6240,3,9,7,7,7,9,12,17,22,20,10,12,10,13,35,17,0
4520,50,21,25,8,19,5,49,9,62,8,39,20,69,14,152,18,59
4534,0,0,0,0,0,5,43,28,67,14,52,25,61,22,0,20,0
2487,20,12,14,18,26,22,18,22,35,14,28,36,36,22,12,0,38
8419,89,76,81,102,73,125,141,131,151,150,150,134,110,121,259,151,204
7949,0,0,0,0,0,9,4,6,7,7,7,6,6,10,47,20,38
594,0,0,0,0,0,13,14,17,22,12,9,19,16,12,0,0,0
6220,13,6,9,18,16,10,17,17,27,26,20,14,26,20,0,21,64
8135,22,47,41,33,40,33,26,22,23,22,27,31,35,24,65,0,0
599,0,0,0,0,0,15,9,14,11,9,6,9,10,7,0,0,31
600,5,9,10,16,15,6,10,11,7,19,18,16,21,24,0,0,0
7969,0,0,0,0,0,7,6,7,12,9,10,12,2,10,0,0,16
604,0,2,1,1,3,1,0,1,2,5,0,3,0,4,0,0,0
8034,0,0,0,0,0,36,34,30,53,29,23,28,20,23,0,17,18
6245,0,4,1,8,4,3,1,5,2,8,3,3,2,16,0,0,18
609,2,2,2,3,8,2,5,3,5,6,4,1,5,0,0,0,0
614,2,4,12,17,18,1,0,0,0,1,1,3,0,1,0,0,0
7944,0,0,0,0,0,3,10,3,12,7,16,5,15,21,25,17,36
4540,30,19,13,27,54,30,45,39,56,8,18,12,11,24,72,101,55
619,8,6,4,7,10,5,8,5,6,16,8,8,7,4,24,0,28
7863,15,11,27,31,29,29,44,46,47,58,64,80,72,78,79,60,63
5408,0,0,0,0,0,10,4,7,5,1,4,2,10,9,0,0,0
624,1,1,3,1,2,0,0,2,1,2,3,2,0,1,0,0,0
4200,20,22,27,22,41,20,27,38,18,20,46,46,75,45,0,0,0
4999,0,0,0,0,0,19,14,12,16,16,25,31,23,17,184,109,37
629,0,1,1,0,7,3,3,3,3,5,4,3,2,2,0,0,0
6022,9,7,4,16,5,7,26,30,23,25,11,24,23,19,19,29,33
5225,0,0,0,0,0,11,11,7,27,11,15,14,14,30,98,7,87
634,1,1,1,1,6,2,2,5,4,3,3,4,3,4,0,0,0
6295,9,6,5,13,9,18,18,29,36,34,22,28,30,43,6,0,24
6250,9,15,10,13,28,25,34,41,36,113,114,133,134,111,94,55,69
639,1,3,1,1,7,2,4,2,5,6,1,2,7,3,0,0,0
8000,25,26,13,25,36,35,22,18,26,22,21,19,29,31,0,0,0
4544,23,0,29,1,15,2,46,12,44,9,13,8,32,5,28,0,99
644,6,6,10,6,18,11,8,12,10,15,17,16,16,16,0,35,39
6934,6,2,3,3,5,5,5,4,11,9,6,8,8,6,17,26,38
649,0,7,3,2,3,3,8,6,3,2,4,3,4,3,0,0,0
7959,0,0,0,0,0,28,32,43,37,45,46,57,51,43,38,66,92
2700,18,35,23,45,37,50,47,48,38,27,14,38,46,48,0,0,0
4546,95,50,101,17,119,8,93,18,109,25,100,28,117,31,241,46,290
654,7,5,10,9,10,5,15,11,8,12,12,16,16,14,0,0,0
2704,84,88,70,86,78,60,53,69,78,76,82,63,54,86,69,62,233
2706,0,0,0,0,0,21,11,14,22,23,21,12,16,20,0,0,0
659,2,5,4,3,2,0,5,4,2,5,6,2,8,6,0,0,0
664,0,0,1,1,0,0,0,0,0,0,0,0,1,1,0,0,0
4548,2,3,1,0,0,1,0,1,0,0,0,0,2,4,0,23,0
4207,58,39,56,43,92,31,82,49,70,30,49,52,50,40,125,50,210
2716,43,42,42,65,61,47,46,55,35,44,33,35,51,48,0,30,37
669,5,4,5,6,8,3,9,5,2,2,7,7,6,5,0,0,0
2720,45,48,44,64,75,72,51,49,51,29,22,31,48,41,0,25,0
2721,0,0,0,0,0,31,46,39,49,35,32,29,36,51,88,18,47
674,1,0,0,4,1,0,2,0,2,2,1,2,1,1,0,0,0
2723,0,0,0,0,0,103,88,81,101,57,74,79,61,82,131,66,139
2724,57,75,75,50,81,53,40,55,58,45,40,37,55,57,48,53,125
4550,0,0,0,0,0,0,1,2,1,2,0,1,1,1,0,0,0
679,0,0,0,0,0,0,0,0,0,0,0,0,0,0,0,0,0
2728,25,26,27,23,22,13,18,30,24,7,8,21,18,13,48,53,107
7964,0,0,0,0,0,0,2,1,5,3,1,0,4,1,0,0,6
2730,49,64,65,77,92,87,70,89,92,66,83,59,92,114,139,125,66
2731,21,23,21,21,33,17,10,13,24,8,6,8,6,11,0,34,49
684,7,3,2,3,4,3,4,2,5,6,14,8,11,6,0,30,0
7837,1,1,0,5,10,5,2,10,10,13,12,11,22,13,0,6,23
8413,0,0,0,0,0,56,59,76,65,48,60,71,79,70,108,83,179
2736,87,89,98,117,92,60,72,101,71,87,80,67,82,73,44,126,148
689,8,18,15,23,17,13,12,12,13,22,8,19,16,13,8,0,0
2740,76,93,88,82,81,66,71,94,78,63,81,73,67,85,92,98,145
4894,12,11,20,13,41,12,25,16,24,4,29,13,24,14,37,40,60
694,9,11,14,10,34,14,36,12,15,23,19,24,34,24,20,0,33
2744,58,58,59,58,69,67,76,72,67,50,68,56,55,75,70,48,64
6260,0,0,0,1,2,0,0,2,0,0,0,0,0,1,25,22,0
699,5,3,0,1,2,6,3,4,2,4,5,9,10,11,0,61,28
700,0,0,0,0,0,52,85,83,99,36,70,48,63,92,0,0,0
4554,0,0,0,0,0,1,9,4,11,1,5,6,4,1,0,0,0
702,0,0,0,0,0,60,67,68,77,88,66,119,124,112,219,230,67
704,0,0,0,0,0,20,17,24,23,4,8,13,14,12,35,17,14
2753,65,51,65,95,94,94,101,106,110,92,98,79,87,93,14,41,17
706,0,0,0,0,0,17,27,20,20,20,20,22,19,26,0,0,17
4803,34,18,36,25,37,6,8,11,7,1,9,0,3,3,0,0,0
708,0,0,0,0,0,11,5,10,15,21,18,28,19,24,0,36,0
4805,119,76,155,108,197,42,74,38,118,26,62,28,47,37,53,29,144
710,0,0,0,0,0,11,16,21,14,15,9,22,15,14,22,18,3
4807,7,3,23,14,7,2,6,4,14,2,6,2,2,0,21,42,0
712,0,0,0,0,0,3,1,2,1,0,1,3,0,2,0,0,0
4556,57,48,62,39,51,25,41,31,40,28,48,23,57,36,117,0,97
714,0,0,0,0,0,13,17,9,9,8,8,10,10,3,0,43,0
4811,0,0,0,0,0,7,1,7,2,1,7,2,3,0,0,0,0
716,0,0,0,0,0,3,6,8,1,3,4,0,11,5,0,0,0
4813,0,0,0,0,0,1,12,2,10,1,3,12,9,4,0,0,13
718,0,0,0,0,0,14,19,12,20,11,21,18,23,16,0,0,0
4815,34,19,52,26,84,28,56,31,68,3,23,19,13,12,33,16,92
720,0,0,0,0,0,100,135,144,150,141,176,193,216,201,228,256,259
4817,1,1,6,1,7,0,10,5,8,1,7,4,10,3,29,0,0
722,0,0,0,0,0,6,3,6,5,3,6,5,6,5,0,0,0
724,0,0,0,0,0,49,52,38,30,41,67,67,63,57,71,0,0
726,0,0,0,0,0,96,113,159,183,164,197,197,226,219,153,237,288
4217,0,0,0,0,0,31,110,68,192,89,135,102,163,117,216,149,210
728,0,0,0,0,0,29,30,26,54,46,50,48,43,41,114,132,157
4825,68,63,67,62,101,30,38,36,80,27,33,20,37,8,37,0,7
730,0,0,0,0,0,34,32,31,40,33,42,36,51,36,36,39,49
732,0,0,0,0,0,10,24,14,16,14,14,9,13,20,0,62,0
734,0,0,0,0,0,1,2,1,0,1,0,2,0,2,0,0,0
4901,0,0,0,0,0,119,122,96,135,115,85,123,110,107,189,128,177
736,0,0,0,0,0,88,103,124,147,130,167,155,204,192,225,170,189
738,0,0,0,0,0,24,22,25,37,39,22,26,37,38,85,36,104
4835,18,19,24,18,25,16,10,15,25,1,9,7,6,4,0,0,0
740,0,0,0,0,0,30,50,53,70,48,60,49,67,57,63,110,90
7974,0,0,0,0,0,20,18,15,28,11,19,14,16,21,78,31,57
742,0,0,0,0,0,3,11,8,7,3,4,10,10,11,55,33,36
8120,169,198,190,209,259,186,196,211,179,173,170,197,192,187,216,314,368
744,0,0,0,0,0,13,24,23,23,16,22,20,25,38,0,0,18
9340,27,17,11,6,11,18,22,15,25,13,13,11,10,6,0,0,0
746,0,0,0,0,0,24,32,30,40,40,46,58,37,44,19,60,7
4321,0,0,0,0,0,0,0,0,0,0,0,38,58,56,54,65,105
748,0,0,0,0,0,3,2,4,6,7,5,10,9,10,0,0,0
4562,0,0,0,0,0,5,38,13,36,6,23,12,20,10,110,10,26
750,0,0,0,0,0,51,100,97,135,139,134,155,154,141,424,238,243
2799,9,9,14,14,14,12,8,6,14,16,10,11,8,9,48,44,66
752,0,0,0,0,0,1,1,1,9,6,3,6,4,4,0,0,0
6952,2,3,5,3,5,3,4,2,7,5,1,3,4,6,0,0,12
754,0,0,0,0,0,4,8,3,7,7,3,5,3,3,38,36,0
4851,14,6,5,14,18,3,9,13,22,1,5,4,7,6,0,23,0
4852,6,0,8,4,3,6,4,5,8,0,3,0,4,3,0,0,0
4853,5,5,8,4,7,2,7,2,14,3,3,0,5,2,0,0,0
758,0,0,0,0,0,76,117,124,172,169,222,264,270,266,332,253,260
4855,16,29,46,16,40,20,30,16,55,13,20,13,30,20,0,0,0
760,0,0,0,0,0,6,12,5,5,7,7,7,9,14,27,0,25
4564,22,22,25,44,59,52,93,105,126,116,85,80,120,82,101,87,150
762,0,0,0,0,0,39,38,61,70,65,78,104,110,90,122,141,165
764,0,0,0,0,0,15,43,28,50,26,43,51,46,0,0,0,0
4906,0,0,0,0,0,14,28,20,23,7,3,8,6,5,0,0,0
766,0,0,0,0,0,6,12,13,13,19,13,15,14,21,0,0,0
4863,22,11,28,24,34,20,32,17,31,4,13,9,8,8,0,39,11
768,0,0,0,0,0,13,18,16,20,14,13,18,20,20,0,0,0
770,0,0,0,0,0,11,10,19,19,17,15,24,24,22,38,36,36
7868,5,4,5,5,11,9,9,6,13,7,13,14,9,11,0,0,0
772,0,0,0,0,0,8,17,22,17,5,10,20,21,14,0,0,0
774,0,0,0,0,0,33,46,61,86,92,99,93,105,94,103,27,226
9621,0,0,0,0,0,1,0,3,3,0,0,0,0,0,0,0,0
776,0,0,0,0,0,70,80,89,106,73,112,97,99,95,217,184,82
4908,0,0,0,0,0,1,0,1,2,0,1,0,1,2,0,0,0
4875,36,55,57,31,52,18,40,26,61,20,23,14,37,8,46,42,0
6924,9,9,7,17,15,34,33,25,37,11,10,10,10,11,0,0,0
6929,2,1,0,4,7,23,21,19,19,14,16,9,8,25,0,46,0
6275,4,4,0,7,43,39,30,43,45,34,34,40,34,34,28,21,0
6982,9,12,7,13,22,19,22,25,33,8,8,7,6,8,0,0,0
790,0,0,0,0,0,5,6,11,15,4,6,8,12,8,0,0,23
792,0,0,0,0,0,3,13,10,16,9,6,9,5,7,39,19,23
793,0,0,0,0,0,9,33,25,30,20,33,30,34,32,0,0,0
794,0,0,0,0,0,25,60,67,69,62,87,85,87,89,157,155,54
6939,5,8,6,2,2,8,6,13,10,1,6,6,4,2,0,0,75
4800,16,8,22,10,25,17,21,22,34,4,13,4,14,9,0,0,0
798,0,0,0,0,0,66,105,108,130,132,167,183,203,196,154,104,274
799,0,0,0,0,0,3,18,10,19,14,19,15,11,23,110,82,59
800,0,0,0,0,111,93,68,96,82,94,106,171,180,192,0,0,0
7984,0,0,0,0,0,21,22,25,23,28,31,28,29,31,66,12,48
4899,6,6,9,4,4,3,0,4,4,0,5,5,3,2,43,56,2
4900,0,0,0,0,0,108,124,124,133,56,48,73,74,73,0,0,0
805,0,0,0,0,119,122,136,146,125,100,110,138,139,136,326,231,262
4902,0,0,0,0,0,7,8,14,21,4,3,8,6,7,0,0,0
4904,0,0,0,0,0,13,16,9,23,14,15,22,23,17,74,86,78
4572,41,13,44,9,38,9,67,15,77,7,47,22,82,22,243,20,29
810,0,0,0,0,109,114,114,112,117,89,102,132,122,123,310,252,232
3914,4,5,15,16,15,22,20,11,19,19,22,29,28,24,29,35,39
4910,0,0,0,0,0,15,20,22,19,15,26,17,24,20,43,22,39
815,0,0,0,0,87,49,96,96,115,83,131,160,148,132,289,310,243
4912,0,0,0,0,0,34,52,38,68,49,51,47,59,45,54,138,172
4914,0,0,0,0,0,58,53,71,72,90,85,69,83,93,108,110,170
4528,32,10,22,6,30,6,24,4,42,2,24,13,33,5,99,0,29
820,0,0,0,0,72,74,84,72,99,65,76,95,96,91,151,139,124
4918,0,0,0,0,0,14,15,17,16,5,6,9,9,7,0,0,0
4920,0,0,0,0,0,17,7,20,24,7,14,11,16,16,0,34,40
825,0,0,0,0,71,63,85,80,103,61,76,98,75,88,188,127,196
4801,29,29,52,22,25,25,40,38,48,6,4,4,10,8,0,3,0
3947,10,22,22,30,10,15,12,12,15,12,7,10,6,11,0,47,0
4924,0,0,0,0,0,64,84,85,116,91,72,101,88,59,163,106,141
830,0,0,0,0,69,57,62,74,67,78,65,88,71,67,65,60,64
4928,0,0,0,0,0,23,42,32,30,30,45,44,33,51,292,208,174
4576,28,14,25,5,12,5,20,6,19,3,36,9,23,5,32,0,0
4930,0,0,0,0,0,19,27,29,43,20,21,25,15,20,30,81,38
6979,3,1,1,7,4,1,1,3,4,1,4,3,4,1,17,18,0
4932,0,0,0,0,0,24,27,12,18,13,12,11,15,17,0,0,0
4934,0,0,0,0,0,9,14,15,27,13,13,14,18,17,27,41,38
840,0,0,0,0,47,45,34,31,43,41,41,51,60,80,153,138,125
4938,0,0,0,0,0,14,8,11,8,11,12,9,8,6,86,24,20
4940,0,0,0,0,0,10,7,16,11,5,10,11,8,8,0,0,0
845,0,0,0,0,94,76,92,99,111,102,125,129,141,126,209,174,167
4942,0,0,0,0,0,22,18,24,23,25,26,29,35,43,0,0,13
6285,0,0,1,3,0,1,5,1,1,1,3,2,0,2,0,0,0
4944,0,0,0,0,0,44,48,57,61,47,48,42,54,47,44,0,28
850,0,0,0,0,72,66,93,86,92,97,94,129,115,102,255,142,223
9699,2,3,2,2,5,1,5,4,2,3,2,1,4,0,14,0,0
4948,0,0,0,0,0,12,14,27,12,32,27,15,30,17,30,0,24
4950,0,0,0,0,0,33,30,38,35,35,50,33,32,45,80,0,42
855,0,0,0,0,0,55,52,48,43,47,46,70,69,52,155,168,207
4952,0,0,0,0,0,12,16,22,11,10,7,11,13,16,0,0,0
4954,0,0,0,0,0,48,84,74,104,70,61,77,89,66,78,53,26
8108,0,0,0,0,0,72,85,101,86,81,82,82,78,75,32,7,15
4922,0,0,0,0,0,27,26,18,31,34,22,28,35,22,0,27,0
4958,0,0,0,0,0,10,21,18,28,17,25,40,31,37,21,20,40
4960,0,0,0,0,0,2,3,1,6,3,4,3,1,4,37,0,0
4962,0,0,0,0,0,52,49,36,49,24,11,30,20,23,155,0,19
4964,0,0,0,0,0,21,21,19,22,20,15,17,13,12,0,0,0
6630,6,14,20,14,30,12,6,13,11,5,16,15,12,13,50,47,24
3900,25,34,25,37,34,31,57,32,30,37,33,33,36,53,0,0,0
2788,119,125,123,119,160,103,99,84,100,58,63,65,87,62,176,117,134
6290,0,0,1,0,0,1,1,3,2,2,0,0,0,3,25,22,0
8136,0,0,0,0,0,3,15,14,8,6,4,5,3,2,0,0,0
3902,39,45,49,51,55,53,53,57,46,80,73,95,75,95,139,221,57
7999,0,0,0,0,0,7,17,7,12,22,17,11,15,12,58,75,256
5475,32,25,33,34,35,23,26,36,50,42,41,39,35,38,17,5,8
3904,7,15,13,17,20,23,18,30,30,22,25,25,23,18,0,0,40
4994,0,0,0,0,0,9,9,16,18,16,16,17,13,12,21,93,0
900,17,18,11,22,32,10,11,27,19,25,26,37,49,44,0,0,0
902,24,22,21,21,20,13,24,23,24,15,18,23,25,24,20,5,0
903,4,5,6,11,12,8,8,9,24,10,13,13,12,12,0,0,0
905,17,12,16,18,20,9,17,17,12,14,16,22,19,16,0,0,21
4247,7,5,6,1,3,0,9,3,9,2,5,5,9,1,0,0,0
8002,0,0,0,0,0,24,49,42,45,35,36,37,35,28,0,0,0
910,23,22,48,39,42,22,32,27,41,20,16,34,27,34,0,14,11
915,25,15,20,21,9,18,14,12,22,18,20,21,26,18,21,35,12
4804,30,6,15,14,20,12,16,10,17,3,11,6,5,7,0,0,0
6297,5,6,14,17,16,19,28,21,17,17,24,40,43,27,54,75,25
920,13,7,9,10,9,9,7,12,27,17,26,24,20,24,58,66,94
7221,63,54,57,71,87,52,51,63,47,57,78,68,70,62,98,103,89
925,35,35,25,51,26,42,56,62,66,68,62,72,75,68,118,101,94
3909,29,26,34,48,39,62,67,52,67,52,54,60,53,60,155,19,145
930,13,13,22,14,21,6,7,14,9,5,6,7,5,7,0,0,0
6299,4,2,4,7,6,12,7,4,7,11,9,7,12,9,98,138,78
932,0,1,4,3,3,0,0,2,3,1,0,7,2,3,0,0,0
933,23,48,44,51,58,24,24,30,27,28,35,38,40,29,69,7,23
935,76,49,45,60,54,58,61,81,85,80,60,79,71,97,124,101,52
8010,133,149,120,179,188,154,146,133,145,107,94,148,139,118,65,45,99
4594,26,23,37,11,33,11,24,16,32,11,34,20,33,12,72,0,37
3675,15,10,14,9,14,9,13,9,13,6,11,12,11,16,27,0,0
4936,0,0,0,0,0,32,30,21,31,27,37,35,41,29,45,0,16
3000,52,59,59,64,74,58,40,58,39,17,21,31,31,41,0,0,0
3001,0,0,0,0,0,20,16,20,14,21,11,17,24,19,0,20,21
3002,0,0,0,0,0,27,61,51,45,30,44,36,46,51,98,0,22
3004,0,0,0,0,0,68,71,83,90,90,60,43,83,60,109,80,75
3005,8,11,10,6,15,18,14,9,27,9,13,14,28,21,0,0,0
3006,0,0,0,0,0,10,8,6,6,12,10,9,14,13,0,0,39
3010,16,14,14,20,22,16,14,8,15,7,12,8,8,10,0,49,0
3015,35,58,29,40,38,17,13,10,13,8,10,19,18,3,0,0,0
3017,0,0,0,0,0,55,35,35,31,25,42,40,40,25,127,55,22
3020,28,17,28,6,38,3,26,16,17,19,31,17,33,23,109,0,0
3021,0,0,0,0,0,28,16,16,28,17,22,19,22,12,0,0,0
3022,185,107,163,143,200,83,168,110,125,81,94,93,123,117,268,129,83
5421,7,10,12,6,11,14,15,21,22,26,14,23,20,23,0,76,13
3025,120,97,115,122,105,90,84,109,108,72,70,68,77,81,9,41,28
4259,13,11,15,8,21,8,12,13,23,19,12,14,19,13,0,0,48
3030,49,36,45,49,62,19,15,19,17,5,6,16,14,9,33,0,0
3035,113,131,111,137,151,101,70,79,67,51,72,80,65,61,95,87,18
3036,0,0,0,0,0,50,52,57,74,40,56,42,44,61,138,1,28
3037,0,0,0,0,0,16,33,25,34,14,26,20,27,21,42,0,30
3038,0,0,0,0,0,6,7,6,9,6,4,13,4,7,0,0,0
3039,0,0,0,0,0,9,11,17,11,11,2,9,9,11,22,0,0
3040,82,115,86,95,93,55,53,57,75,40,42,38,41,32,33,25,0
994,16,15,19,30,22,18,30,22,20,31,25,38,39,33,110,9,63
3045,90,57,87,72,100,103,124,117,114,89,82,93,89,93,227,78,83
8004,0,0,0,0,0,60,72,57,76,48,35,60,51,32,48,30,19
999,2,7,5,12,18,6,9,7,14,14,7,22,24,12,121,61,126
1000,54,56,54,72,74,62,54,52,65,53,72,75,83,109,0,0,0
8130,42,34,38,32,65,37,46,43,38,45,35,43,29,32,28,0,0
3050,0,0,0,0,0,15,20,16,24,16,17,26,19,18,22,0,46
5100,13,32,24,37,34,26,13,15,21,16,10,23,16,31,0,0,0
4946,0,0,0,0,0,10,10,13,22,9,21,11,15,14,0,41,20
5102,38,34,32,34,23,45,28,23,33,22,20,30,28,28,64,0,0
5104,82,98,58,96,84,76,67,75,69,32,37,69,53,73,173,99,118
1009,0,0,0,0,0,61,73,110,109,103,105,111,104,111,64,159,68
1011,0,0,0,0,0,21,21,32,26,26,25,26,37,26,0,11,0
1012,0,0,0,0,0,26,40,27,48,43,44,34,47,62,24,47,28
5109,13,21,17,32,29,22,24,36,49,20,7,16,16,17,0,35,14
1015,4,10,17,22,21,23,27,25,35,25,23,28,23,19,113,60,27
5112,38,54,31,51,35,41,34,28,30,27,19,34,27,39,72,92,63
3924,69,78,95,124,134,130,147,156,146,144,152,155,148,151,230,166,203
5114,68,68,59,73,72,74,60,44,59,33,36,59,39,58,138,141,137
1020,38,56,39,63,58,20,25,32,25,30,27,29,29,21,64,166,21
1021,0,0,0,0,0,23,16,13,20,13,13,19,23,11,22,0,62
1022,0,0,0,0,0,6,6,4,12,6,10,9,13,15,0,0,0
1023,0,0,0,0,0,1,2,1,8,5,3,0,2,11,0,0,0
5120,34,43,32,48,26,30,23,41,37,23,13,17,9,11,104,120,103
1025,98,131,107,135,149,98,101,100,110,92,78,81,75,79,145,152,111
1026,0,0,0,0,0,1,2,6,2,9,9,10,10,6,0,0,18
1027,0,0,0,0,0,11,8,13,12,13,15,16,8,15,42,51,63
1028,0,0,0,0,0,7,8,13,16,18,5,8,12,11,0,0,37
1029,0,0,0,0,0,8,11,9,26,24,11,15,19,15,0,0,0
1030,82,103,75,83,144,65,51,65,70,63,61,49,69,55,132,164,131
1031,0,0,0,0,0,86,74,90,116,85,77,94,98,87,0,78,305
1032,0,0,0,0,0,46,52,47,46,30,34,49,33,27,14,0,39
1033,0,0,0,0,0,16,26,20,31,34,24,24,19,29,42,0,11
1034,0,0,0,0,0,61,52,44,48,45,62,55,67,70,34,79,50
6999,0,0,1,2,1,1,1,4,0,2,0,2,0,1,0,0,0
1036,0,0,0,0,0,38,47,55,53,62,70,80,63,47,0,30,61
1037,0,0,0,0,0,52,53,66,69,68,62,69,49,60,109,71,107
1038,0,0,0,0,0,75,83,85,104,82,70,70,62,58,92,105,138
1039,0,0,0,0,0,31,23,29,33,45,50,74,61,63,90,51,134
1040,242,291,266,292,406,183,160,165,170,156,130,175,126,125,96,33,90
1041,0,0,0,0,0,203,219,203,304,229,279,293,289,309,365,150,231
1042,0,0,0,0,0,32,46,46,54,54,82,49,74,67,0,30,7
1043,0,0,0,0,0,21,34,32,37,29,31,29,32,33,10,83,0
3094,37,42,44,34,61,28,28,26,22,21,27,22,24,27,0,0,46
8025,3,10,12,15,10,12,17,6,12,3,4,3,5,3,0,0,0
5144,24,9,11,29,18,16,10,20,24,13,9,8,12,4,0,0,0
1050,83,99,71,79,126,57,56,51,67,59,54,54,70,65,158,103,19
1051,0,0,0,0,0,55,62,55,84,53,52,76,78,94,99,134,103
1055,43,44,67,78,90,56,58,76,86,51,74,70,72,67,39,41,62
7200,118,132,139,206,225,133,157,219,201,206,202,254,224,336,0,0,0
6309,14,17,28,28,50,33,59,38,58,46,68,54,81,103,301,201,350
7203,113,104,119,162,171,129,143,190,176,143,138,140,138,158,6,93,38
1060,22,29,24,31,48,27,29,35,43,30,24,30,23,35,45,75,61
7205,124,124,137,158,167,113,125,134,168,145,137,126,112,144,99,55,15
4273,0,0,0,0,0,8,16,9,41,4,19,22,25,14,106,0,23
7208,0,0,0,0,0,128,127,168,168,151,136,137,127,136,302,236,21
1065,104,131,115,140,156,167,165,178,230,162,150,163,153,161,121,117,73
4809,3,3,4,5,4,2,1,5,8,1,2,1,2,1,0,0,0
7212,76,101,118,121,106,115,116,163,144,142,159,161,122,133,333,154,239
7215,115,121,139,164,166,140,178,203,200,212,193,246,201,204,399,205,512
7218,153,168,191,244,248,109,107,133,127,137,116,129,135,137,342,173,82
7219,29,24,33,19,14,28,32,52,55,79,40,60,68,86,48,73,169
7220,26,21,45,51,56,25,31,36,37,23,29,26,35,34,0,0,28
3934,21,20,18,28,24,26,36,36,38,25,21,26,18,29,0,28,0
7223,172,168,185,273,254,178,142,169,146,184,171,185,140,178,112,108,310
3252,0,0,0,0,0,17,22,32,23,13,14,11,20,16,42,19,0
8424,61,57,64,49,66,47,56,68,62,56,53,78,64,66,114,78,0
7230,211,221,237,255,310,282,283,308,313,277,310,333,306,326,291,380,449
4808,23,40,38,19,52,10,24,19,30,6,12,7,19,5,0,0,0
1090,0,0,0,0,0,14,9,4,9,14,17,17,10,10,2,0,0
1094,47,50,60,60,45,34,43,59,42,67,66,52,47,59,100,0,87
7240,0,0,0,0,0,172,206,235,209,208,252,289,268,284,159,253,208
5194,16,14,16,19,23,19,12,9,13,8,7,7,15,14,40,0,0
1099,35,31,22,28,23,13,8,8,19,21,25,16,18,19,53,36,25
1100,0,0,0,0,0,13,32,36,49,35,36,35,41,41,0,0,0
7245,0,0,0,0,0,15,17,20,25,11,23,19,10,17,49,0,33
5199,10,9,9,6,14,11,3,10,9,9,7,6,7,10,0,79,0
5200,0,0,0,0,0,26,7,11,14,42,23,40,28,61,0,0,0
1105,0,0,0,0,0,58,51,68,85,68,74,70,99,97,109,56,74
7250,0,0,0,0,0,18,35,47,31,26,21,19,24,32,0,0,28
8035,6,13,6,6,7,5,16,15,10,6,8,10,7,5,0,0,0
9300,0,1,0,1,1,1,1,1,2,1,1,0,3,1,0,0,0
5205,0,0,0,0,0,5,9,5,10,7,5,8,7,6,10,0,23
1110,0,0,0,0,0,0,0,1,0,0,0,0,0,0,0,0,0
7255,53,50,64,70,65,97,101,100,118,108,98,107,101,125,0,86,86
9305,22,39,19,34,43,34,31,29,28,36,27,30,38,37,41,35,35
4926,0,0,0,0,0,49,71,60,74,59,58,66,66,56,79,19,40
1115,0,0,0,0,0,68,104,115,128,82,78,102,88,70,73,92,77
7260,148,163,179,190,221,56,80,77,62,32,58,54,42,52,51,177,28
9310,38,36,50,62,103,58,70,43,60,46,41,28,31,29,63,11,0
5215,0,0,0,0,0,15,13,10,18,16,7,7,13,8,56,114,39
1120,0,0,0,0,0,13,14,25,18,17,7,15,13,8,0,50,0
9315,67,32,53,65,137,43,68,65,85,71,49,42,55,54,63,38,50
5220,0,0,0,0,0,19,10,20,23,15,12,20,10,11,44,49,49
1125,0,0,0,0,0,2,4,1,0,3,3,5,3,3,0,0,0
7270,0,0,0,0,0,123,165,182,234,212,227,251,230,256,278,351,164
9320,83,69,62,86,101,54,58,81,85,86,79,87,82,65,0,30,0
3260,40,33,36,55,82,61,56,60,54,40,59,50,59,69,81,108,236
1130,0,0,0,0,0,25,29,21,24,17,19,18,30,24,24,21,26
9325,19,28,25,28,23,16,19,12,17,10,7,11,17,13,0,0,0
1135,0,0,0,0,0,7,6,4,6,7,9,9,5,6,0,0,20
7280,52,71,53,60,57,72,70,56,83,91,79,87,80,95,121,256,116
8040,11,7,17,17,26,14,22,21,11,16,16,18,9,9,6,0,26
9330,8,3,8,10,16,5,7,5,5,7,7,11,6,10,0,0,0
1140,0,0,0,0,0,26,65,57,56,56,42,77,52,61,40,88,77
9335,33,35,28,22,34,21,16,26,30,28,29,29,29,20,0,0,0
1145,0,0,0,0,0,6,11,6,6,11,5,9,10,17,0,50,0
7290,0,0,0,0,0,111,169,151,154,113,135,157,149,178,276,142,279
6994,5,9,4,9,13,15,26,6,10,12,11,10,10,8,0,18,0
1150,0,0,0,0,0,46,38,36,38,29,57,29,55,44,0,0,0
3200,31,33,27,30,40,31,21,12,13,15,9,13,4,12,0,0,0
9345,4,3,2,1,4,7,7,9,9,1,0,1,4,5,29,0,0
1155,0,0,0,0,0,3,4,3,2,3,0,1,0,1,0,0,0
3205,0,0,0,0,0,7,10,10,13,4,3,3,3,4,0,0,0
9350,58,47,48,60,102,48,73,68,77,71,70,76,68,79,0,0,0
3265,0,0,0,0,0,36,21,22,45,20,23,33,36,37,40,29,50
1160,0,0,0,0,0,4,2,3,9,12,8,3,8,7,0,33,0
9355,58,39,74,63,75,26,22,35,41,31,19,19,37,23,0,0,21
1165,0,0,0,0,0,14,13,17,28,24,21,41,33,31,109,61,91
3215,0,0,0,0,0,5,14,13,9,7,5,4,12,7,0,0,0
9360,51,32,33,33,67,17,45,30,34,35,41,36,29,44,0,0,0
6265,1,0,0,3,20,15,13,15,17,20,11,13,16,10,28,21,18
3225,0,0,0,0,0,19,21,26,36,14,24,17,20,29,30,0,156
4475,0,0,0,0,0,39,50,46,45,31,52,43,41,31,96,33,98
6000,6,7,4,2,0,6,6,6,4,8,13,12,14,18,0,0,0
3235,0,0,0,0,0,7,13,15,22,6,9,11,14,6,0,0,0
3270,0,0,0,0,0,45,34,50,35,35,39,30,44,31,68,117,0
3238,0,0,0,0,0,24,25,21,20,14,17,12,12,17,0,0,24
8123,115,93,79,118,118,63,73,80,63,67,77,88,80,72,251,181,102
1194,0,0,0,0,0,7,23,24,19,27,29,25,23,15,18,40,20
3245,0,0,0,0,0,29,16,26,20,15,14,20,26,24,0,0,31
1199,0,0,0,0,0,3,3,2,4,10,7,9,11,10,0,25,54
1200,34,35,28,49,63,46,44,43,57,44,57,57,56,71,0,0,0
1204,8,3,3,14,9,4,6,9,12,7,5,7,9,4,0,0,0
8103,0,0,0,0,0,54,47,62,41,58,58,45,59,67,44,87,51
1207,0,0,0,0,0,84,84,85,90,75,59,53,52,69,107,76,173
1209,0,0,0,0,0,104,128,131,147,138,172,162,151,151,185,298,168
1211,0,0,0,0,0,22,42,36,34,25,30,38,37,36,25,93,117
1212,6,8,9,20,35,22,29,30,35,4,6,10,4,6,0,22,0
1213,10,20,25,27,38,45,33,49,56,15,24,18,14,12,0,56,0
1214,24,28,13,28,26,22,16,9,32,18,24,20,16,16,30,42,46
1217,0,0,0,0,0,61,82,78,114,54,59,81,77,76,91,143,131
1218,0,0,0,0,0,26,50,43,57,23,18,32,36,36,25,63,57
1219,24,24,17,25,40,41,63,51,67,40,53,51,45,59,59,106,60
1220,0,0,0,0,0,16,15,11,28,12,29,20,37,34,48,63,30
1221,4,2,4,3,6,18,13,7,17,8,13,18,22,15,0,17,29
1222,0,0,0,0,0,29,23,33,40,27,27,29,42,22,65,63,31
1223,26,48,36,44,43,35,52,54,58,29,31,30,46,40,100,69,66
1225,0,0,0,0,0,35,49,65,75,39,28,25,32,33,116,117,42
3275,0,0,0,0,0,20,30,24,36,24,40,32,46,49,91,95,211
1229,10,20,14,17,32,31,22,45,46,49,29,46,52,55,51,45,53
6349,0,0,0,0,0,7,6,8,7,14,10,11,11,18,26,79,97
3280,0,0,0,0,0,24,12,12,10,10,4,8,9,12,0,0,0
6008,6,4,5,2,8,3,14,8,12,8,6,16,15,26,108,10,44
8429,23,36,32,39,44,45,34,50,27,31,35,36,26,39,23,19,0
1236,28,27,25,35,35,31,55,32,27,19,19,31,26,31,62,30,42
3285,0,0,0,0,0,25,28,46,36,23,18,24,19,26,0,162,0
1239,7,17,15,27,15,16,19,21,30,27,11,18,19,19,0,12,29
1240,0,0,0,0,0,122,184,189,214,144,151,176,163,157,172,63,225
1241,28,33,15,18,26,41,42,57,56,37,45,53,47,41,82,20,210
1242,43,70,63,63,91,111,98,92,132,53,82,69,69,86,59,94,13
1243,73,87,81,97,115,44,53,45,53,43,54,42,41,43,91,0,36
1244,3,7,4,5,9,6,6,9,14,4,5,3,5,5,0,0,14
3294,0,0,0,0,0,5,4,3,3,4,4,5,4,8,0,0,0
3042,0,0,0,0,0,7,8,4,7,9,6,4,3,0,33,32,0
4850,10,11,18,9,26,19,19,16,14,9,18,12,13,8,0,14,0
3299,15,13,15,9,12,3,4,6,4,3,5,6,8,3,6,0,0
3300,15,22,36,24,35,39,46,25,61,28,27,33,58,57,0,0,0
3303,0,0,0,0,0,0,0,0,0,0,0,6,2,4,0,0,27
3304,61,65,59,80,71,85,107,76,84,85,81,63,91,98,97,140,93
3305,0,0,0,0,0,114,183,160,272,182,214,158,265,243,419,670,1026
8157,31,24,23,13,34,20,22,42,48,17,36,38,39,41,120,0,11
3307,59,32,62,53,54,55,58,77,137,82,110,114,146,145,222,205,221
3309,93,90,110,107,149,45,67,59,85,58,58,61,73,70,20,0,27
3310,0,0,0,0,0,34,56,51,75,52,67,82,131,93,207,145,162
3311,0,0,0,0,0,86,150,143,152,109,115,159,165,165,249,356,412
3314,54,27,35,53,41,42,81,53,112,63,71,91,111,127,209,282,152
3315,0,0,0,0,0,35,90,64,70,37,72,176,106,73,130,139,211
3319,32,36,46,35,52,19,30,50,83,39,64,45,71,48,35,108,140
3320,0,0,0,0,0,0,0,0,0,0,0,17,36,18,0,0,14
8404,42,48,21,45,40,37,63,40,45,46,72,64,54,58,79,0,57
3322,120,68,91,115,130,66,83,47,87,92,80,75,88,125,148,420,357
3323,0,0,0,0,0,0,0,0,0,0,0,19,37,39,0,109,15
3324,64,71,60,92,97,92,123,82,95,93,101,97,111,128,97,140,111
3325,0,0,0,0,0,0,0,0,0,0,0,9,12,16,53,29,26
3329,33,23,49,39,49,40,59,56,91,44,44,60,61,58,104,75,18
6699,14,8,13,31,23,17,28,18,21,16,33,23,25,23,74,81,145
3332,26,28,19,27,30,34,27,38,43,25,24,26,40,31,51,0,27
3333,0,0,0,0,0,12,9,16,28,15,11,19,15,19,0,0,0
3334,46,50,30,51,66,65,45,58,95,42,49,42,54,48,60,44,46
3335,0,0,0,0,0,0,0,0,0,0,0,9,16,11,0,0,0
3336,0,0,0,0,0,0,0,0,0,0,0,19,24,31,58,32,104
3337,90,85,95,81,112,38,83,91,138,79,96,89,144,124,198,233,491
3339,55,57,89,44,93,54,99,54,126,80,71,60,131,117,30,156,337
1294,52,49,39,89,88,65,67,75,105,78,91,81,92,98,85,147,57
1295,0,0,0,0,0,26,41,40,40,25,40,30,27,30,88,117,65
3344,124,161,168,192,333,123,124,133,123,77,85,92,76,80,165,76,133
8408,0,0,0,0,0,22,15,21,26,14,30,20,15,14,26,40,80
3346,3,10,12,6,6,20,10,8,16,7,8,9,8,13,0,41,36
1299,17,19,23,20,35,11,18,23,17,18,22,21,17,19,22,53,1
3349,24,35,26,24,42,28,28,31,43,37,29,32,37,34,29,84,105
8409,39,22,16,37,9,17,33,28,25,13,30,17,20,19,39,46,0
5400,13,8,7,20,20,30,26,32,38,34,24,29,29,43,0,0,0
6020,7,6,13,7,14,13,12,16,12,15,8,9,13,17,0,35,28
3354,47,22,57,46,63,57,91,62,96,73,104,123,132,137,283,342,343
3355,0,0,0,0,0,43,75,59,101,87,109,110,139,112,176,129,245
5405,7,11,6,11,14,55,41,52,65,65,53,71,81,111,131,229,168
3359,41,45,49,38,63,43,53,76,56,44,40,71,76,68,35,75,147
3360,96,115,100,154,158,146,211,173,223,214,212,236,306,224,354,390,460
3362,19,38,34,19,39,38,43,45,52,43,54,25,66,49,0,0,197
3363,0,0,0,0,0,0,0,0,0,0,0,17,45,25,0,44,22
3364,11,13,14,18,10,20,31,28,50,31,39,36,37,28,107,81,70
3365,0,0,0,0,0,0,0,0,0,0,0,26,51,33,126,72,38
3367,14,19,19,22,17,23,28,19,32,34,28,17,35,25,0,0,36
5416,9,23,20,23,21,16,6,13,17,7,9,10,7,6,0,0,0
3369,10,20,16,20,10,32,25,31,30,27,40,34,42,35,135,49,136
5418,10,12,17,13,18,17,22,26,23,12,16,15,4,13,17,0,17
3371,0,0,0,0,0,0,0,0,0,0,0,39,91,88,95,97,90
3372,0,0,0,0,0,0,0,0,0,0,0,45,106,51,74,80,66
3373,0,0,0,0,0,0,0,0,0,0,0,32,83,77,12,69,127
3374,42,29,45,36,49,17,84,82,110,75,94,28,66,56,183,35,58
3375,0,0,0,0,0,0,0,0,0,0,0,6,10,11,0,0,0
8400,78,109,82,103,75,71,56,56,57,85,94,80,88,100,0,0,0
6024,0,0,0,0,0,2,6,7,7,0,0,9,19,13,9,0,20
3379,32,27,26,27,16,22,27,31,52,33,50,33,59,67,102,114,54
4455,0,0,0,0,0,0,29,18,24,14,10,13,14,4,0,39,0
8414,85,114,83,101,68,102,127,86,99,91,99,98,80,96,158,150,24
5430,16,15,30,29,28,39,25,39,63,42,55,57,60,49,88,49,73
6610,0,2,4,7,5,1,5,3,3,3,0,2,8,7,25,41,17
3384,38,42,24,40,44,24,22,15,33,31,27,34,48,35,0,65,110
5435,5,9,2,11,1,13,14,7,18,16,9,20,15,20,14,89,21
3389,0,0,0,0,0,27,19,29,34,22,34,30,25,32,50,75,0
3390,0,0,0,0,0,0,0,0,0,0,0,9,5,5,0,38,84
5440,17,14,15,25,22,28,23,23,28,36,30,39,24,26,35,25,0
3394,31,41,36,57,57,44,64,47,95,54,45,46,56,67,21,82,15
5443,9,9,5,8,11,10,13,14,17,17,10,12,11,22,47,121,36
5445,1,11,12,8,19,22,10,18,13,9,13,10,14,12,58,0,36
3399,6,9,7,16,12,10,11,12,23,23,18,21,20,10,0,29,44
5450,5,5,12,10,15,14,6,20,18,10,11,12,14,13,0,12,0
7500,21,17,14,43,23,30,31,22,29,22,29,43,37,52,0,0,0
6319,0,2,2,12,2,5,7,7,8,2,8,15,14,13,69,91,35
5455,13,22,18,12,34,20,17,38,49,25,42,40,38,42,92,52,140
7504,0,2,0,3,1,2,2,2,1,1,0,2,2,0,0,0,0
8015,38,69,45,56,60,24,28,31,38,26,24,16,24,11,0,8,0
7507,4,5,8,13,6,7,4,16,21,22,19,21,18,37,117,66,11
5460,17,13,20,11,22,23,21,34,28,16,26,16,17,20,25,0,0
6030,2,9,3,6,1,5,8,3,4,0,0,9,4,2,0,0,21
5462,12,24,27,36,31,27,25,45,43,33,27,30,18,29,0,0,0
7511,15,14,9,17,9,6,12,18,31,16,17,22,28,18,64,7,0
5464,30,55,88,60,74,94,95,110,119,112,99,104,116,108,102,93,65
5465,1,3,4,4,5,9,2,6,9,6,8,9,1,7,24,0,0
7514,43,35,27,37,39,53,55,62,36,40,72,75,85,82,14,28,51
3642,0,0,0,0,0,15,14,10,18,10,5,16,8,11,0,0,0
5470,33,29,82,57,77,92,89,92,90,84,71,84,71,78,63,76,126
7519,38,44,30,61,41,69,52,70,50,36,73,82,92,72,64,77,35
7522,6,10,3,7,7,11,6,5,2,13,20,18,8,9,0,41,33
3643,0,0,0,0,0,5,8,11,12,27,5,8,11,8,0,0,0
7524,47,39,42,85,52,54,63,91,96,78,109,112,104,90,114,114,69
7526,0,0,0,0,0,52,50,61,66,30,36,36,37,55,30,32,0
6033,0,0,0,0,0,2,3,5,10,1,5,1,4,7,0,0,0
5480,33,45,39,37,46,42,43,53,60,33,40,50,45,46,63,28,0
7529,14,11,13,19,9,14,22,31,29,28,34,31,19,25,74,36,19
7531,10,7,6,27,4,10,4,18,9,7,17,11,10,11,0,0,11
7534,19,19,9,22,15,14,17,15,14,21,24,24,30,13,21,26,36
5422,0,0,0,0,0,39,53,68,41,47,52,42,34,63,15,0,50
7537,8,9,8,21,13,19,13,14,18,7,15,15,13,13,0,20,5
7538,14,17,13,36,29,24,28,26,30,14,40,39,13,29,0,20,38
7539,0,0,1,6,2,1,6,5,1,2,0,0,3,2,0,0,0
4820,25,8,11,23,41,16,18,8,42,13,20,8,13,13,0,0,0
5494,13,17,44,24,38,61,70,37,43,44,40,45,47,47,18,0,74
8425,0,0,0,0,0,50,63,72,48,30,35,32,41,40,14,9,24
7544,2,8,6,6,2,2,8,3,3,13,12,20,13,12,30,11,0
7207,73,63,79,85,97,17,21,38,41,25,29,22,23,22,75,33,41
7546,4,7,4,3,1,4,3,14,7,7,10,4,11,19,27,19,0
5499,11,3,6,8,12,11,9,7,9,9,5,8,14,12,70,39,78
7549,18,18,17,25,14,21,17,33,26,10,43,37,28,36,0,0,0
9600,0,3,4,2,0,0,3,0,0,5,5,2,9,4,0,0,0
7554,11,20,17,27,16,35,22,27,18,18,22,23,24,22,0,0,18
8427,0,0,0,0,0,20,25,17,20,39,26,31,23,29,0,34,0
9604,57,49,56,63,89,31,18,26,41,27,19,16,12,12,0,0,0
9605,0,0,0,0,0,12,15,11,22,12,18,8,8,15,0,0,0
8094,1,4,6,4,7,5,8,14,10,4,4,4,9,5,0,8,0
8428,0,0,0,0,0,106,170,101,135,128,167,137,120,129,146,109,42
9610,0,0,0,0,0,11,13,9,13,7,6,6,5,10,51,0,0
9611,0,0,0,0,0,5,3,4,1,1,2,4,4,1,0,0,0
9612,0,0,0,0,0,1,0,0,4,1,6,2,2,4,0,0,0
9614,7,6,4,9,7,1,3,4,4,1,1,0,1,0,0,0,0
6974,3,2,8,5,4,6,9,4,9,3,3,6,5,8,0,0,0
9616,0,0,0,0,0,0,1,0,2,2,0,0,1,0,0,0,0
6040,9,6,6,4,9,6,14,9,6,12,6,20,15,15,104,99,70
9618,0,0,0,0,0,0,2,0,1,0,0,2,0,1,0,0,0
9619,15,15,7,20,34,2,3,5,6,2,4,3,1,3,19,0,0
9620,0,0,0,0,0,1,0,2,3,0,1,0,1,0,0,0,0
8430,0,0,0,0,0,49,82,77,56,90,71,48,73,71,40,70,71
6949,1,0,4,2,3,3,5,4,3,3,4,4,1,0,0,0,0
8411,0,0,0,0,0,23,18,10,18,10,10,13,15,12,40,19,0
5700,2,3,1,3,8,10,2,6,6,2,8,3,3,5,0,0,0
3994,8,15,23,25,24,19,28,27,23,33,25,36,20,39,40,28,23
3653,0,0,0,0,0,27,29,29,35,23,34,44,46,46,63,121,22
9800,22,2,5,11,25,38,12,10,16,25,22,26,28,21,0,0,0
4890,0,0,0,0,0,3,4,6,8,0,4,3,7,4,0,0,0
8434,73,66,98,72,82,66,96,60,68,67,67,71,58,55,210,185,97
6914,1,4,1,2,0,4,4,2,1,2,0,2,2,2,0,0,0
7599,7,10,7,18,14,15,20,20,22,21,17,15,14,12,197,148,102
5704,3,3,4,7,8,27,19,23,22,24,14,33,41,32,24,58,26
7209,223,215,218,250,273,184,177,160,203,164,151,184,167,164,514,200,458
5706,0,0,0,0,0,9,10,9,17,7,6,5,3,6,0,70,18
6255,0,1,2,2,4,4,1,2,6,1,2,2,2,3,0,0,0
6050,2,5,1,0,2,9,3,7,3,3,2,0,2,0,0,0,28
9805,9,23,18,29,37,18,20,27,25,25,16,23,27,31,59,106,32
8440,0,0,0,0,0,21,53,42,41,31,35,38,66,41,38,0,0
4345,0,0,0,0,0,0,0,0,0,0,0,2,4,4,13,0,0
8100,73,64,56,58,84,59,54,87,72,76,111,105,122,123,0,0,0
1500,19,30,24,27,38,24,15,31,24,17,25,36,37,44,0,0,0
3255,0,0,0,0,0,15,21,24,26,12,10,10,10,11,0,46,42
1503,5,1,5,10,7,13,5,9,11,13,5,11,6,16,0,40,20
1505,4,1,1,5,7,10,3,12,9,7,4,9,13,7,33,42,24
1507,19,29,13,23,38,22,31,35,36,31,37,41,37,40,52,139,45
8102,159,138,129,109,162,60,42,54,64,45,48,76,45,46,0,0,0
1510,15,34,18,18,21,30,32,28,29,31,33,34,34,50,35,42,67
1512,22,25,20,28,40,23,15,42,41,33,34,36,38,32,33,0,24
1513,16,9,6,16,22,17,19,13,19,4,5,16,8,12,0,0,0
1515,13,16,13,12,22,17,15,24,25,21,31,28,26,31,28,55,70
1517,9,18,18,22,30,39,43,40,55,34,43,59,50,44,67,71,59
1518,24,13,17,28,28,20,26,29,20,16,30,12,20,33,0,38,47
1519,11,12,23,47,41,43,33,32,47,23,27,21,11,19,22,22,40
1520,34,24,23,22,29,23,28,37,35,23,26,49,35,37,60,17,49
1521,43,36,32,29,40,34,32,46,47,47,29,45,33,53,64,93,20
1522,39,29,15,21,27,23,26,35,33,21,23,38,32,38,35,59,20
1525,35,35,36,29,73,44,41,54,49,33,42,37,26,43,31,88,82
1527,27,18,24,29,38,27,24,26,28,17,22,30,12,29,33,17,0
1530,3,8,3,4,5,8,11,6,6,5,10,7,12,10,0,0,0
1532,14,6,5,6,11,3,6,9,13,9,11,9,4,2,0,0,20
1533,10,5,12,9,12,15,10,15,16,4,8,15,7,11,22,22,0
1535,24,22,14,30,32,21,24,26,20,14,11,19,20,23,0,32,20
1540,36,35,49,54,69,83,49,87,80,51,64,64,49,63,68,65,68
1541,0,0,0,0,0,15,18,15,18,12,8,10,17,13,36,20,0
3919,24,25,30,50,44,55,76,68,70,44,49,40,43,46,88,0,27
1545,18,2,11,10,11,8,12,10,7,7,3,4,7,5,0,0,0
9815,1,0,4,4,1,1,0,1,0,1,0,1,0,3,0,0,0
8450,11,33,17,17,52,10,11,15,12,15,12,20,21,25,57,23,93
1550,2,5,5,4,3,6,3,4,3,4,1,2,3,4,13,0,0
8109,81,92,57,109,104,87,139,110,99,88,117,93,98,83,87,128,139
3600,38,38,48,74,57,41,29,34,25,28,13,14,19,33,0,0,0
1555,5,7,9,8,9,6,11,7,9,18,12,7,7,7,0,0,0
8110,134,109,123,124,187,66,79,85,67,71,77,65,75,63,122,182,176
1560,29,21,12,27,35,34,21,23,28,17,21,25,18,29,35,0,0
3610,0,0,0,0,0,25,30,45,59,13,15,32,31,40,0,35,22
3611,0,0,0,0,0,25,41,45,23,29,24,19,23,24,0,11,0
3612,0,0,0,0,0,47,29,62,68,42,26,28,42,35,64,27,70
3613,0,0,0,0,0,59,58,83,80,54,58,40,56,52,0,102,46
3614,0,0,0,0,0,27,34,19,36,8,16,25,8,20,0,0,0
3615,0,0,0,0,0,10,10,11,11,12,14,9,11,11,0,0,0
3616,0,0,0,0,0,21,15,24,22,6,9,25,21,18,0,4,0
3617,0,0,0,0,0,19,15,16,14,11,20,17,22,32,24,0,0
3618,0,0,0,0,0,44,61,72,69,47,29,57,50,43,48,19,89
3619,0,0,0,0,0,50,56,66,70,45,34,35,42,35,0,27,0
3620,38,35,30,33,51,53,89,79,82,52,49,67,47,49,0,4,70
3621,0,0,0,0,0,56,70,76,66,55,59,75,73,56,190,187,53
3625,10,16,9,13,14,61,53,57,70,59,59,73,59,57,126,0,0
8455,0,0,0,0,0,6,22,11,10,11,12,15,32,18,26,32,19
8412,0,0,0,0,0,24,9,16,17,14,18,6,19,19,40,0,0
3630,76,104,74,90,133,112,122,138,111,104,105,100,116,84,89,70,121
8115,15,10,10,24,26,7,14,15,16,9,17,16,13,6,0,0,0
8104,0,0,0,0,0,99,150,165,176,108,141,157,122,143,63,69,240
3640,146,163,146,179,187,108,88,122,112,62,67,70,66,58,0,69,33
3641,0,0,0,0,0,4,8,9,8,1,3,5,2,3,0,0,0
1594,22,13,17,22,27,24,18,39,35,13,24,15,19,18,22,0,0
1595,0,0,0,0,0,17,15,13,15,19,21,19,16,9,35,17,21
1599,8,16,15,10,9,18,19,24,19,15,13,21,23,17,65,27,17
1600,191,121,153,179,261,55,89,114,144,74,142,155,172,182,0,0,0
8032,0,0,0,0,0,1,6,5,4,5,6,4,8,4,0,0,0
3651,0,0,0,0,0,20,24,23,22,8,11,23,15,18,30,11,11
3652,0,0,0,0,0,17,15,23,20,16,11,13,17,12,48,20,31
1605,0,0,0,0,0,76,106,137,137,87,86,87,79,96,105,154,119
3654,0,0,0,0,0,35,34,31,32,25,21,30,26,15,24,0,0
4866,1,7,4,1,1,1,1,1,4,0,2,0,2,1,0,0,0
3656,0,0,0,0,0,1,1,6,3,1,1,4,2,3,0,0,0
1610,158,127,132,164,215,101,99,111,155,103,135,161,161,142,138,320,71
3660,53,47,49,74,86,61,64,58,60,31,40,52,39,39,48,20,11
5709,0,2,1,7,2,6,5,10,5,5,7,4,5,7,24,0,0
3662,4,18,10,12,13,4,9,11,17,14,2,6,4,3,0,0,11
1615,338,223,278,318,402,102,90,117,122,98,143,163,172,169,413,467,434
1616,0,0,0,0,0,238,344,333,413,282,344,377,433,413,964,755,574
3665,16,13,14,19,29,8,10,13,15,13,13,12,26,25,0,16,0
5714,2,1,0,3,2,2,1,5,2,2,3,2,3,9,24,0,0
1620,190,198,232,209,342,95,144,146,170,112,151,136,153,180,241,436,279
1621,0,0,0,0,0,74,98,115,140,84,128,129,141,137,283,335,381
1622,0,0,0,0,0,31,67,89,96,63,117,126,166,132,661,423,429
5719,3,4,4,3,10,4,6,10,5,9,1,6,7,7,0,0,0
3672,12,15,22,23,30,18,27,17,30,23,22,32,26,26,18,60,18
1625,54,65,80,83,109,76,93,93,79,63,44,50,72,65,129,62,103
1626,0,0,0,0,0,77,120,137,156,126,230,209,214,217,370,173,119
1627,0,0,0,0,0,0,0,0,0,0,0,62,80,96,230,55,83
5724,4,4,6,4,9,7,13,14,11,15,14,12,16,29,95,47,77
8122,43,45,33,33,40,28,37,24,23,23,18,23,21,16,29,46,0
1630,30,25,36,29,44,90,141,191,220,208,295,348,385,418,1284,1154,1144
1631,0,0,0,0,0,84,102,124,127,99,107,141,115,152,453,433,209
1632,0,0,0,0,0,56,85,98,133,109,155,191,197,198,425,434,342
5729,2,3,1,0,4,3,3,0,3,3,3,7,6,3,0,70,0
1635,97,88,88,53,115,49,95,63,96,35,75,78,80,71,0,136,129
1637,0,0,0,0,0,110,179,231,294,236,285,368,369,365,853,424,238
5139,28,44,30,35,63,21,35,36,33,12,18,36,18,23,15,0,40
1640,141,191,176,246,283,132,133,151,205,177,182,218,252,204,357,453,378
1641,0,0,0,0,0,49,49,66,67,63,98,99,119,132,205,109,141
3690,0,0,0,0,0,9,10,13,14,6,8,18,8,5,0,0,0
5739,2,0,1,0,6,7,4,5,7,3,4,11,5,8,0,0,0
1645,19,25,18,26,41,10,8,7,12,10,14,19,7,12,0,0,18
3694,8,23,19,18,21,18,21,16,17,17,27,32,24,20,0,0,59
5744,0,0,1,2,4,2,1,3,6,7,2,5,4,3,0,12,0
1650,30,23,21,41,50,29,34,34,27,27,26,41,23,28,0,23,20
3699,9,3,6,13,4,9,2,4,6,8,1,12,5,9,0,22,0
5749,0,3,5,5,11,2,4,6,7,4,5,11,9,10,0,0,34
1655,63,87,76,109,147,64,82,79,112,81,86,98,140,148,51,239,335
7800,9,8,10,16,18,14,25,16,15,26,25,33,48,50,0,0,0
5754,1,2,3,6,6,4,6,7,7,2,5,0,1,7,0,0,0
7803,1,3,1,2,0,0,1,2,4,4,4,2,2,6,0,0,0
7805,0,0,0,0,0,1,2,3,2,4,0,2,2,4,0,0,0
2442,0,0,0,0,0,1,2,2,2,5,1,1,5,4,0,0,0
5759,0,0,1,5,23,9,7,7,4,12,7,7,9,9,10,0,0
7811,5,7,3,5,11,9,8,9,11,8,9,10,15,7,0,0,0
7815,3,6,5,5,10,8,9,11,14,4,8,13,1,3,0,0,0
5770,0,4,4,3,2,0,5,9,0,4,4,3,8,1,0,0,0
8030,29,25,25,39,25,29,34,42,38,41,41,46,47,64,0,0,81
6094,5,1,4,4,4,5,13,9,5,5,8,17,12,15,0,10,27
7823,5,1,1,4,3,1,2,7,6,8,8,6,6,9,19,12,11
7827,23,20,27,29,35,24,30,15,28,19,25,32,25,49,82,59,49
5780,7,1,5,2,7,5,5,4,1,4,4,3,3,2,0,0,0
7829,0,0,0,0,0,23,22,25,43,31,33,44,41,53,45,35,72
7831,10,7,9,8,4,5,9,14,8,10,7,13,13,16,36,0,28
7833,0,0,0,0,0,14,22,21,21,24,23,23,20,19,17,29,17
7835,32,34,48,55,73,53,54,56,64,41,42,54,54,69,99,142,29
7836,0,0,0,0,0,31,13,24,33,20,33,29,23,15,24,20,0
2784,107,127,125,119,130,92,112,135,123,89,90,105,122,101,135,111,141
1694,41,54,50,74,93,30,27,62,70,57,64,67,61,64,20,110,170
6944,2,1,2,2,6,6,1,0,2,0,2,2,2,0,0,0,0
5794,1,0,2,1,4,6,3,6,7,1,1,3,4,5,0,0,0
1699,42,38,38,67,59,16,20,28,38,50,53,72,89,81,143,94,170
1700,0,6,2,5,2,0,9,3,1,0,7,0,2,3,0,0,0
7845,0,0,0,0,0,36,41,49,52,40,47,44,62,52,103,52,213
7846,0,0,0,0,0,15,14,14,10,12,6,17,27,15,67,62,29
5799,3,1,0,2,2,4,4,0,1,1,1,3,3,0,29,41,0
1704,11,3,14,13,23,6,10,8,6,2,5,3,5,3,2,0,0
1705,0,0,0,0,0,3,2,2,3,0,1,1,1,1,0,0,0
1706,0,0,0,0,0,2,2,3,4,0,1,0,3,0,0,0,0
1707,0,0,0,0,0,3,7,0,1,0,1,1,1,0,0,0,0
1708,0,0,0,0,0,1,2,1,3,0,0,3,0,0,0,0,0
1709,6,2,7,17,12,2,4,0,3,1,0,0,1,1,0,0,0
7855,1,3,6,6,9,4,6,5,6,3,2,5,9,10,0,0,0
7857,0,0,0,0,0,4,3,7,8,3,5,2,4,6,0,0,0
1714,3,1,1,1,8,3,0,0,2,1,2,1,1,0,0,0,0
7859,13,21,12,20,19,23,25,32,37,32,34,35,26,31,0,33,0
1719,15,7,20,23,41,23,15,16,24,4,5,5,9,6,8,0,0
1721,0,0,0,0,0,1,3,0,5,0,1,2,0,2,0,0,0
7867,32,42,36,47,32,50,55,49,68,56,79,96,102,86,57,115,128
1724,21,23,39,25,31,5,10,5,6,0,0,1,6,1,0,0,0
8138,0,0,0,0,0,21,27,33,15,11,11,21,15,15,29,0,31
4490,0,0,0,0,0,26,33,34,46,29,54,54,44,51,129,37,62
1729,0,1,3,3,3,1,1,1,0,0,1,0,0,0,0,0,0
8139,0,0,0,0,0,1,3,3,4,4,1,6,5,5,63,0,0
6984,4,7,9,9,13,12,8,15,21,8,12,14,12,9,0,0,0
1734,25,13,33,39,43,14,10,21,20,8,6,4,5,1,0,0,0
6060,0,0,3,1,3,0,6,6,4,6,1,4,1,3,0,0,0
8140,0,0,0,0,0,19,11,8,15,18,16,17,11,21,94,53,27
1739,1,3,1,3,3,1,1,0,1,2,1,0,0,3,0,0,0
5410,11,19,37,35,41,49,45,50,58,55,40,38,45,41,103,67,0
1744,16,15,18,29,28,15,13,15,12,3,8,5,5,2,0,0,0
6026,2,1,0,1,3,3,4,1,5,0,0,1,2,4,0,0,0
9810,26,19,16,34,32,43,56,35,38,23,12,10,14,16,14,33,73
1749,15,19,45,56,48,15,11,3,10,4,3,6,1,3,0,0,0
7894,7,15,9,8,15,18,18,15,16,18,16,22,19,26,0,52,0
7899,4,5,9,8,15,9,11,14,12,15,5,6,14,14,0,200,168
7900,0,0,0,0,0,22,35,18,27,29,38,37,58,64,0,0,0
4832,13,48,44,21,52,25,21,12,15,3,22,20,16,11,0,0,0
7904,0,0,0,0,0,3,4,2,5,3,3,5,9,6,47,6,31
9606,0,0,0,0,0,3,8,7,10,6,4,3,6,1,0,0,0
6969,25,26,22,26,37,27,27,24,31,34,41,48,55,35,0,80,42
7914,0,0,0,0,0,4,10,5,3,1,2,0,2,2,0,0,0
5415,22,20,44,26,56,52,38,45,37,53,47,45,50,55,85,64,36
8106,0,0,0,0,0,32,30,25,33,26,18,20,33,30,0,0,35
8147,21,11,15,30,27,23,22,21,27,9,22,23,10,10,88,19,107
7924,0,0,0,0,0,25,32,32,42,43,56,45,61,65,69,147,127
8038,0,0,0,0,0,29,45,37,41,21,33,31,35,23,0,0,0
5417,5,6,6,11,13,10,12,12,22,10,8,19,18,15,0,17,0
9900,0,0,0,0,0,1,1,2,1,3,0,0,3,3,0,0,0
7807,23,27,33,18,27,28,28,28,28,33,27,39,56,40,0,44,11
7934,0,0,0,0,0,4,8,6,7,6,10,9,18,10,0,30,18
8439,98,93,80,77,86,67,85,73,74,75,66,63,75,69,260,191,175
4499,0,0,0,0,0,8,15,11,10,7,5,9,13,6,0,0,0
1794,3,0,10,5,2,3,2,2,4,2,3,4,1,2,0,0,0
5419,0,0,0,0,0,35,24,36,36,45,39,40,33,45,67,0,100
4840,36,31,61,31,53,12,4,11,16,7,14,12,36,26,20,23,0
1799,0,0,2,2,1,1,2,0,4,3,2,2,2,3,8,0,0
1800,109,120,98,145,154,92,133,137,158,85,124,159,245,286,0,0,0
5420,35,30,27,29,47,30,48,52,69,61,64,78,58,60,0,21,8
1803,114,100,121,142,185,79,117,92,105,105,88,104,106,128,311,184,311
1804,0,0,0,0,0,73,81,86,127,100,109,114,153,176,107,137,235
1805,0,0,0,0,0,71,74,104,105,78,82,117,135,149,273,207,244
1806,87,83,67,88,126,46,46,69,62,47,37,52,50,77,74,40,35
1807,0,0,0,0,0,54,101,113,154,191,220,213,250,276,394,435,374
1808,0,0,0,0,0,18,26,26,42,29,45,48,47,59,53,0,0
1809,11,9,8,15,14,8,6,10,16,19,8,17,15,2,21,77,42
1810,0,0,0,0,0,32,74,43,92,65,55,70,54,48,114,34,0
1812,23,18,43,39,61,41,51,54,53,39,64,108,121,118,155,218,185
1813,0,0,0,0,0,96,112,176,190,216,282,278,296,315,501,464,429
1814,0,0,0,0,0,28,23,28,37,40,34,26,41,35,39,0,0
1815,156,168,176,236,288,167,149,136,139,114,116,131,125,133,128,192,145
1816,0,0,0,0,0,65,69,88,88,43,80,103,87,101,226,76,107
1817,0,0,0,0,0,32,55,54,84,59,103,108,108,134,306,323,252
1818,44,48,61,84,90,81,63,101,128,101,132,138,163,166,133,132,133
1819,0,0,0,0,0,51,68,71,105,29,42,47,42,52,0,18,76
1820,0,0,0,0,0,16,38,32,39,29,45,38,48,48,18,33,75
1821,80,52,83,60,89,64,86,76,101,86,97,133,117,139,143,108,90
1822,0,0,0,0,0,14,29,21,34,49,53,65,80,74,314,205,64
1823,51,29,63,53,77,17,6,17,21,7,14,24,9,14,76,0,34
1824,164,184,208,257,298,97,110,87,104,93,106,122,126,147,324,399,320
1825,0,0,0,0,0,124,158,163,181,206,250,223,267,269,400,260,247
1826,0,0,0,0,0,48,61,70,81,76,69,87,73,72,140,159,50
1827,123,140,144,186,212,62,42,22,31,22,27,25,28,35,51,0,27
1828,0,0,0,0,0,52,48,60,69,59,35,50,45,59,87,98,7
1829,264,268,250,308,371,283,280,285,328,233,245,324,314,378,473,410,438
1830,0,0,0,0,0,76,119,115,148,158,207,238,199,241,263,195,295
1831,115,121,132,140,186,123,122,153,168,125,146,200,155,147,279,276,253
1832,199,205,175,214,252,166,197,218,241,201,201,243,231,233,432,230,132
1833,108,94,138,97,180,83,59,85,94,76,92,110,112,114,210,251,223
1834,0,0,0,0,0,57,96,90,129,96,121,122,157,182,265,199,320
1835,0,0,0,0,0,67,89,126,114,114,110,148,112,138,356,201,199
1836,74,77,85,106,140,74,88,69,82,58,72,87,87,67,176,329,188
1838,0,0,0,0,0,48,58,60,64,41,45,51,35,45,0,0,0
1839,0,0,0,0,0,68,61,57,83,69,51,58,54,62,53,194,161
1840,0,0,0,0,0,53,62,77,91,61,70,106,92,98,181,164,124
1842,7,7,6,20,9,17,14,21,28,21,35,35,46,56,58,23,8
1843,0,0,0,0,0,62,99,127,91,78,94,99,104,158,148,105,264
1845,30,46,27,39,58,18,32,15,32,38,32,39,35,34,25,27,35
1846,0,0,0,0,0,58,83,105,104,66,79,93,102,117,91,155,112
1847,0,0,0,0,0,296,402,467,557,483,533,643,667,695,1053,691,802
1848,20,24,37,35,28,38,49,64,84,51,51,70,72,60,27,83,97
1849,0,0,0,0,0,45,44,60,70,63,54,51,77,70,81,34,43
1850,0,0,0,0,0,17,23,35,23,23,20,30,28,26,0,0,20
1851,58,78,69,100,95,36,25,37,38,29,40,29,29,36,0,17,33
1852,0,0,0,0,0,14,14,19,34,25,34,35,40,46,44,0,0
1853,0,0,0,0,0,14,20,32,37,16,29,42,41,33,0,3,0
1854,70,70,106,81,152,93,84,111,139,108,136,166,225,190,240,259,111
1855,0,0,0,0,0,106,132,180,205,194,242,255,304,347,668,388,530
1856,0,0,0,0,0,64,77,100,117,115,122,108,136,137,131,168,106
1857,16,13,24,19,32,20,20,22,23,37,39,70,88,42,0,19,0
1858,0,0,0,0,0,3,7,7,9,15,12,23,22,22,40,65,18
1859,0,0,0,0,0,39,29,29,50,57,52,69,58,71,75,103,148
1860,183,175,201,213,274,136,103,127,153,113,132,148,169,169,35,58,174
1861,0,0,0,0,0,50,63,58,65,53,58,44,55,53,201,150,46
1862,0,0,0,0,0,120,117,132,144,140,170,180,198,204,459,326,336
1863,174,175,171,214,257,66,55,52,81,46,64,71,71,84,99,72,93
1865,0,0,0,0,0,61,67,90,77,62,73,109,82,69,172,146,121
1866,137,123,130,187,175,116,137,155,176,152,125,158,143,182,190,136,122
8011,0,0,0,0,0,28,55,42,36,32,37,36,23,29,90,0,21
8012,0,0,0,0,0,25,31,35,33,31,19,33,23,24,30,0,56
1869,73,56,91,72,101,98,76,88,99,66,72,74,70,92,100,68,65
1871,84,95,96,108,151,72,66,108,103,89,84,124,111,146,285,209,248
1872,0,0,0,0,0,41,29,49,69,54,47,74,77,92,0,0,8
1873,0,0,0,0,0,71,94,111,108,103,118,129,162,173,267,357,152
1874,0,0,0,0,0,19,33,19,34,36,19,19,25,39,27,0,32
1875,133,180,142,141,148,125,122,152,127,119,124,149,125,142,225,367,212
1876,0,0,0,0,0,41,62,50,79,68,59,55,65,63,114,0,11
8021,0,0,0,0,0,4,10,5,10,4,5,11,5,6,0,0,0
1878,59,55,58,62,54,27,36,44,41,36,55,58,69,82,176,289,172
1879,0,0,0,0,0,85,125,126,118,127,121,124,137,160,157,208,197
1880,0,0,0,0,0,55,86,89,120,118,150,177,208,284,460,501,569
3929,14,11,9,15,14,19,19,18,20,20,13,17,23,21,0,0,0
6600,3,10,12,10,28,9,12,17,19,22,39,31,55,61,0,0,0
1884,33,33,38,51,64,36,31,39,57,37,47,62,65,77,36,131,88
1886,21,25,25,41,51,29,19,22,20,25,11,24,26,29,54,139,68
8031,0,0,0,0,0,25,32,27,25,14,14,26,15,15,27,24,18
6620,21,20,17,22,43,21,60,43,54,25,54,35,52,41,168,99,128
8033,0,0,0,0,0,2,6,7,13,5,6,9,6,8,0,0,0
1890,47,43,52,49,65,33,45,36,47,50,56,51,63,63,47,42,80
3939,12,14,20,27,18,23,34,15,22,14,9,12,22,26,23,0,48
8036,0,0,0,0,0,24,25,33,16,11,20,18,29,13,0,93,0
1894,108,154,128,155,205,74,69,81,81,44,64,63,83,85,206,127,67
1895,0,0,0,0,0,95,112,162,148,111,124,132,131,121,284,206,207
3944,4,3,4,12,5,3,23,9,14,16,5,6,15,16,0,0,23
1899,45,59,49,67,68,27,30,24,42,39,23,41,31,37,123,119,52
1900,0,0,0,0,0,0,0,0,0,14,33,49,44,63,0,0,0
3949,3,5,2,6,4,6,10,5,15,4,2,2,3,4,23,0,0
1902,0,0,0,0,0,0,0,0,0,27,18,15,24,21,9,3,106
1904,0,0,0,0,0,0,0,0,0,29,29,35,32,40,127,0,91
1906,0,0,0,0,0,0,0,0,0,34,26,44,31,49,60,16,37
8003,0,0,0,0,0,3,7,4,5,3,4,5,9,2,0,0,0
1908,0,0,0,0,0,0,0,0,0,70,67,68,98,116,262,140,154
6005,5,0,6,7,2,8,8,4,11,5,5,6,9,18,19,10,0
1910,0,0,0,0,0,0,0,0,0,71,87,80,89,98,184,162,251
1912,0,0,0,0,0,0,0,0,0,65,54,79,62,111,92,42,158
6009,0,0,0,0,0,0,0,3,3,1,0,3,3,3,0,0,0
1914,0,0,0,0,0,0,0,0,0,30,18,24,37,39,60,72,92
4415,0,0,0,0,0,2,5,3,11,5,5,2,5,5,0,0,29
1916,0,0,0,0,0,0,0,0,0,58,78,97,105,119,116,135,214
1918,0,0,0,0,0,0,0,0,0,18,17,13,14,19,18,71,57
6015,2,3,4,7,8,8,13,13,10,13,9,30,24,31,72,20,57
1920,0,0,0,0,0,0,0,0,0,25,30,33,35,56,141,86,177
6017,0,0,0,0,0,1,2,3,9,3,1,5,3,5,0,0,0
1922,0,0,0,0,0,0,0,0,0,13,23,12,22,18,48,27,0
6019,3,1,1,2,2,2,2,0,2,0,0,2,3,3,0,17,0
1924,0,0,0,0,0,0,0,0,0,2,1,1,0,0,0,0,0
8111,0,0,0,0,0,60,101,96,92,85,97,76,98,90,22,0,0
1926,0,0,0,0,0,0,0,0,0,54,49,63,77,76,56,22,123
6023,0,0,0,0,0,2,14,4,3,0,0,3,4,6,45,0,11
1928,0,0,0,0,0,0,0,0,0,42,56,48,55,57,29,0,51
6025,2,7,5,3,11,6,4,12,15,0,0,16,24,11,0,15,28
1930,0,0,0,0,0,0,0,0,0,17,20,26,33,33,63,48,48
1932,0,0,0,0,0,0,0,0,0,22,28,46,54,63,95,13,69
4870,71,64,98,82,117,65,85,67,105,28,30,32,17,18,0,0,0
1934,0,0,0,0,0,0,0,0,0,22,15,22,16,26,53,56,83
1936,0,0,0,0,0,0,0,0,0,52,77,65,68,63,55,59,84
2712,22,45,44,37,42,34,28,22,37,26,16,25,15,25,0,0,18
1938,0,0,0,0,0,0,0,0,0,11,16,5,13,18,10,27,20
6035,2,2,2,3,3,6,1,7,1,3,3,4,8,7,0,0,0
1940,0,0,0,0,0,0,0,0,0,4,6,3,9,6,0,20,0
1942,0,0,0,0,0,0,0,0,0,10,8,14,32,27,53,46,72
1944,0,0,0,0,0,0,0,0,0,2,1,3,3,4,0,7,0
1946,0,0,0,0,0,0,0,0,0,22,23,50,40,42,39,50,25
1948,0,0,0,0,0,0,0,0,0,10,18,18,21,20,9,0,15
6045,1,0,6,4,7,2,8,3,6,6,6,12,7,5,10,35,0
1950,0,0,0,0,0,0,0,0,0,6,7,12,9,9,20,0,44
3999,4,5,13,9,6,7,16,13,14,9,13,9,14,7,0,41,31
1952,0,0,0,0,0,0,0,0,0,26,32,31,33,39,44,11,48
1954,0,0,0,0,0,0,0,0,0,0,0,1,4,3,0,0,0
8099,5,6,7,5,10,5,4,6,5,5,7,5,9,3,0,25,17
1956,0,0,0,0,0,0,0,0,0,11,17,15,15,13,51,0,23
1958,0,0,0,0,0,0,0,0,0,13,21,17,22,20,28,0,8
6055,9,9,10,6,6,4,15,8,20,6,8,33,28,22,26,0,72
1960,0,0,0,0,0,0,0,0,0,27,34,58,44,59,0,24,59
8105,121,131,110,127,132,51,65,50,55,69,58,64,64,67,84,103,35
1962,0,0,0,0,0,0,0,0,0,1,6,2,1,7,0,0,0
8107,114,98,75,114,191,54,89,83,69,62,61,79,66,72,178,174,187
1964,0,0,0,0,0,0,0,0,0,32,38,36,48,33,74,0,65
7294,68,67,49,83,114,58,127,154,129,121,115,115,109,130,151,113,143
1966,0,0,0,0,0,0,0,0,0,1,1,1,1,0,0,0,0
6063,0,0,0,0,0,5,4,3,6,3,6,8,4,8,0,35,0
1968,0,0,0,0,0,0,0,0,0,7,7,3,8,4,6,11,15
1970,0,0,0,0,0,0,0,0,0,24,13,17,35,37,50,36,0
7954,0,0,0,0,0,30,27,21,22,15,22,28,35,37,106,109,82
1972,0,0,0,0,0,0,0,0,0,16,26,17,21,25,20,0,10
9615,0,0,0,0,0,2,3,5,6,5,0,6,1,5,0,0,0
1974,0,0,0,0,0,0,0,0,0,11,17,9,17,14,40,14,10
1976,0,0,0,0,0,0,0,0,0,65,76,107,103,109,114,100,138
3060,0,0,0,0,0,62,75,79,78,53,49,54,39,63,0,0,24
1978,0,0,0,0,0,0,0,0,0,10,17,28,20,23,59,23,53
7839,27,27,29,30,47,26,35,44,46,25,45,35,33,31,0,33,0
1980,0,0,0,0,0,0,0,0,0,27,27,33,42,29,0,19,66
8125,41,48,38,42,76,40,63,55,55,38,39,35,37,43,163,55,19
1982,0,0,0,0,0,0,0,0,0,14,20,24,24,19,49,14,25
1984,0,0,0,0,0,0,0,0,0,8,4,6,11,12,7,0,0
1986,0,0,0,0,0,0,0,0,0,9,12,14,21,18,14,0,15
1988,0,0,0,0,0,0,0,0,0,8,7,21,23,15,0,0,0
1990,0,0,0,0,0,0,0,0,0,21,28,31,52,38,47,30,97
8045,53,76,63,48,53,58,61,45,44,26,26,47,56,40,48,0,45
1992,0,0,0,0,0,0,0,0,0,42,19,10,6,3,0,0,36
8137,0,0,0,0,0,46,60,72,58,39,59,71,68,59,29,68,47
1994,0,0,0,0,0,0,0,0,0,49,51,42,61,46,35,23,84
6954,6,3,1,8,10,3,6,2,3,7,7,9,11,5,0,0,0
1996,0,0,0,0,0,0,0,0,0,41,61,44,68,63,0,0,26
2722,22,15,19,19,29,18,15,11,14,11,12,6,9,10,0,13,0
1998,0,0,0,0,0,0,0,0,0,13,25,19,35,30,17,14,28
1999,0,0,0,0,0,0,0,0,0,21,21,23,29,25,16,25,46
8145,16,10,40,19,15,28,35,27,16,16,17,12,18,12,23,0,39
8415,0,0,0,0,0,20,44,30,32,51,42,54,48,46,26,46,0
6099,3,0,0,1,0,5,7,2,2,3,3,7,4,0,121,51,21
8148,0,0,0,0,0,3,5,10,7,4,3,2,0,0,44,0,0
8149,11,13,4,10,16,12,12,11,19,5,14,6,15,15,79,19,0
8150,114,148,108,123,143,80,64,71,82,75,60,84,57,56,76,41,68
7844,0,0,0,0,0,1,1,1,1,1,1,1,3,1,0,0,0
8155,30,33,32,34,53,20,29,21,33,28,24,27,15,23,13,24,0
3954,38,49,62,45,61,60,78,77,73,55,60,70,72,78,40,47,59
8158,36,25,29,27,57,17,32,39,36,44,27,32,29,28,0,36,72
8159,55,79,69,75,102,82,99,76,53,68,77,102,85,90,79,141,177
8160,12,27,14,19,19,16,21,36,14,20,21,19,16,11,91,74,0
8162,18,31,25,25,36,36,26,32,43,58,30,54,52,48,41,27,55
8163,0,0,0,0,0,41,73,47,72,86,76,113,80,102,303,143,228
8164,71,80,77,105,99,81,79,89,109,80,80,92,75,88,177,22,117
8166,3,6,6,1,3,3,3,4,4,4,1,1,2,2,0,0,0
8168,16,13,9,11,11,17,24,35,13,23,27,39,19,24,112,103,98
8169,0,0,0,0,0,41,51,77,72,51,49,67,68,64,125,158,131
8170,0,0,0,0,0,151,208,214,216,212,225,255,278,298,378,361,39
7847,3,1,4,4,4,4,9,7,9,3,10,9,5,7,0,0,0
6205,15,13,11,18,12,10,8,9,9,24,18,59,44,51,64,96,57
8121,72,100,109,99,119,61,69,71,72,51,76,47,60,54,105,58,58
8175,0,0,0,0,0,89,127,108,134,111,108,136,105,147,281,470,374
7594,12,11,30,37,32,41,40,36,27,33,49,41,35,54,85,0,123
8177,0,0,0,0,0,30,61,45,55,50,24,42,47,46,78,153,131
8178,0,0,0,0,0,84,87,110,95,86,106,93,102,85,226,205,137
8180,55,70,64,77,85,47,40,60,56,65,59,69,68,57,45,130,0
3070,0,0,0,0,0,26,46,21,46,22,40,30,38,20,174,103,0
7849,0,0,0,0,0,3,6,6,7,4,5,7,16,6,16,0,37
8185,0,0,0,0,0,39,33,40,31,34,29,30,35,30,99,90,27
8426,0,0,0,0,0,3,2,18,5,9,4,5,3,3,0,0,0
7509,52,60,44,88,54,57,48,123,87,67,100,93,107,124,203,136,129
